sg_store_id,sg_store_name,sg_retail_id,sg_retailer_name,sg_business_type,province,city,district,address,platform_cnt,platforms,a1_wx_pay,a2_ali_peng,a3_douyin,a4_mt_local,a5_cyb,a6_mt_home,a7_elm_home,a8_jd_home,a9_top10_brand,a10_24h,a11_peak_weekday,a12_peak_weekend,a13_data_date,b1_roi_total,b2_roi_store,b3_roi_home,b4_order_store,b5_order_home,b6_mech_store,b7_mech_home,b8_top_sku_upc,b8_top_sku_name,b8_top_sku_gmv,b9_top_sku_upc_qty,b9_top_sku_name_qty,b10_aov_store,b11_aov_home,b12_sku_act_store,b13_sku_supply,b14_sku_combo,b15_post_sku,b16_post_compete
2916,永辉超市(北关正街店),647,永辉超市,大型商超,陕西,西安,莲湖区,北关正街50号静安荟奥莱生活广场负1层,1,到家-京东,否,否,否,否,否,否,否,是,"景兴,康师傅,妙可蓝多",,,,2026-06-06,7.1500,,7.1500,否,否,,优惠券,,,,,,,,,,,,
36575,永辉超市(南岸万达广场店),647,永辉超市,大型商超,重庆,重庆,南岸区,江南大道8号万达广场AB区UG层,1,到家-淘宝闪购,否,否,否,否,否,否,是,否,"嘉士伯,海天,景兴,康师傅,伊利低温,舒客",,下午14-17:59,下午14-17:59,2026-08-31,5.8700,,5.8700,否,是,,商品满减券,6921336821319,,139.80,6923567600497,abc纤薄棉柔表层日用240mm卫生巾12片/包,,21.06,,294,,,
12480,永辉超市(呼和浩特玉泉凯德店),647,永辉超市,大型商超,内蒙古,呼和浩特,玉泉区,鄂尔多斯大街凯德广场诺和木勒B1层01号,1,到家-淘宝闪购,否,否,否,否,否,否,是,否,"伊利低温,海天,康师傅,伊利奶粉,溜溜梅,太粮米业,蒙牛冰品,景兴,妙可蓝多,舒客",,下午14-17:59,下午14-17:59,2026-09-01,5.6200,,5.6200,否,是,,商品满减券,6978336070490,海天品质永辉珍鲜蚝油630g,208.50,6978336070490,海天品质永辉珍鲜蚝油630g,,17.57,,90,,,
117209,永辉超市(天娱广场店),647,永辉超市,大型商超,广东,广州,天河区,天河路621-625号天河娱乐广场负1层,1,到家-淘宝闪购,否,否,否,否,否,否,是,否,"伊利奶粉,伊利低温,康师傅,海天,锐澳,太粮米业,妙可蓝多,溜溜梅,脉动总部,舒客",,下午14-17:59,下午14-17:59,2026-09-01,10.4200,,10.4200,否,是,,商品满减券,6927096515871,,54.90,6937962143909,康师傅PREMIUM优选鲜虾鱼板面杯,,20.70,,276,,,
47276,永辉超市(孝感吾悦店),647,永辉超市,大型商超,湖北,孝感,孝南区,乾坤大道133号孝感吾悦广场负1楼,1,到家-京东,否,否,否,否,否,否,否,是,"海天,伊利低温,伊利奶粉,康师傅,妙可蓝多",,晚18-22:59,下午14-17:59,2026-08-30,6.3000,,6.3000,否,是,,优惠券,6977168342348,海天永辉定制&油趣工坊有机山茶油1L,178.00,6907992105772,金典鲜牛奶２３５毫升　　　　　,,47.48,,,,,
173522,永辉超市(宜昌兴发店),647,永辉超市,大型商超,湖北,宜昌,伍家岗区,中南路35号,1,到家-京东,否,否,否,否,否,否,否,是,"海天,伊利低温,太粮米业,妙可蓝多,康师傅",,晚18-22:59,晚18-22:59,2026-09-01,5.5500,,5.5500,否,是,,优惠券,6907992106908,畅轻蓝莓紫米爆珠发酵乳２５０ｇ,275.90,6907992106908,畅轻蓝莓紫米爆珠发酵乳２５０ｇ,,30.99,,,,,
113240,永辉超市(宝安大仟里店),647,永辉超市,大型商超,广东,深圳,宝安区,西乡街道麻布社区海城路3号前城滨海花园2栋B178永辉超市宝安大仟里负一楼永辉超市,1,到家-京东,否,否,否,否,否,否,否,是,"太粮米业,海天,伊利低温,康师傅,景兴,嘉士伯,妙可蓝多",,晚18-22:59,下午14-17:59,2026-08-31,7.7200,,7.7200,否,是,,优惠券,6923567601166,ABC 420mm亲柔立围甜睡夜用轻透薄棉柔表层卫生巾 6片/袋,83.30,6907992105574,畅轻青提芦荟燕麦风味发酵乳250g/杯,,16.63,,,,,
32788,永辉超市(小寨西路店),647,永辉超市,大型商超,陕西,西安,雁塔区,小寨西路232号MOMOPARK负1层,1,到家-京东,否,否,否,否,否,否,否,是,"海天,伊利奶粉,伊利低温,太粮米业,康师傅,嘉士伯,妙可蓝多,景兴",,晚18-22:59,晚18-22:59,2026-08-30,6.8400,,6.8400,否,是,,优惠券,6977168342348,海天永辉定制&油趣工坊有机山茶油1L,178.00,6907992106601,金典鲜牛奶４５０ｍｌ　　　　　,,19.74,,,,,
13090,永辉超市(曲江龙湖店),647,永辉超市,大型商超,陕西,西安,雁塔区,永辉超市(曲江天街店),1,到家-京东,否,否,否,否,否,否,否,是,"太粮米业,海天,伊利低温,康师傅,景兴,妙可蓝多,嘉士伯",,午10-13:59,下午14-17:59,2026-09-01,6.6600,,6.6600,否,是,,优惠券,6927096515871,,359.10,6907992106601,金典鲜牛奶４５０ｍｌ　　　　　,,27.24,,,,,
224539,永辉超市(武汉五里墩店),647,永辉超市,大型商超,湖北,武汉,汉阳区,汉阳大道与江城大道交汇处(万科金域国际对面)负1楼,1,到家-京东,否,否,否,否,否,否,否,是,"伊利低温,太粮米业,康师傅,海天",,晚18-22:59,下午14-17:59,2026-08-29,4.1900,,4.1900,否,是,,优惠券,6907992106601,金典鲜牛奶４５０ｍｌ　　　　　,4043.90,6907992106601,金典鲜牛奶４５０ｍｌ　　　　　,,55.15,,,,,
169754,永辉超市(浦城兴华店),647,永辉超市,大型商超,福建,南平,浦城,兴华路888号,1,到家-淘宝闪购,否,否,否,否,否,否,是,否,"伊利奶粉,太粮米业,海天,伊利低温,康师傅,蒙牛冰品,嘉士伯,舒客,妙可蓝多,景兴",,,,2026-09-01,8.9000,,8.9000,否,是,,商品满减券,6927096515628,,3646.20,6927096515628,,,37.35,,,,,
167564,永辉超市(清镇吾悦广场店),647,永辉超市,大型商超,贵州,贵阳,清镇,百花新城百马大道2号路贵阳清镇新城吾悦广场负1层Z01,1,到家-美团闪购,否,否,否,否,否,是,否,否,"太粮米业,康师傅,脉动,景兴,伊利成人粉,青岛啤酒,青岛水饮",,下午14-17:59,下午14-17:59,2026-08-23,7.0000,,7.0000,否,是,,商品券,6927096515871,,598.50,6927096515871,,,34.06,,,,,
206530,永辉超市(漳州万达店),647,永辉超市,大型商超,福建,漳州,龙文区,永辉超市(九龙大道万达广场店)永辉超市外卖取货处,1,到家-淘宝闪购,否,否,否,否,否,否,是,否,"康师傅,海天,伊利奶粉,太粮米业,妙可蓝多,伊利低温,嘉士伯,景兴,蒙牛冰品,舒客",,午10-13:59,晚18-22:59,2026-09-01,6.8600,,6.8600,否,是,,超级品牌券,6927096515628,,370.80,6900873000777,康师傅红烧牛肉面桶面109g/桶,,22.38,,339,,,
182163,永辉超市(漳州龙海美一城店),647,永辉超市,大型商超,福建,漳州,龙海,紫崴路(平宁路)4云都城市综合体负1层永辉超市,1,到家-淘宝闪购,否,否,否,否,否,否,是,否,"嘉士伯,海天,康师傅,太粮米业,妙可蓝多,伊利低温,蒙牛冰品,伊利奶粉,舒客,景兴",,晚18-22:59,午10-13:59,2026-09-01,5.8800,,5.8800,否,是,,超级品牌券,6921336821920,,478.80,6902538004045,,,23.26,,321,,,
46962,永辉超市(福安新华店),647,永辉超市,大型商超,福建,宁德,福安,城北街道新华北路26-7号,1,到家-美团闪购,否,否,否,否,否,是,否,否,"青岛啤酒,康师傅,脉动",,下午14-17:59,晚18-22:59,2026-09-01,4.8700,,4.8700,否,是,,商品券,6901035615693,,326.40,6902538004045,,,27.49,,,,,
40131,永辉超市(綦江万达店),647,永辉超市,大型商超,重庆,重庆,綦江区,文龙街道东部新城万达广场购物中心,1,到家-淘宝闪购,否,否,否,否,否,否,是,否,"舒客,康师傅,锐澳,海天",,午10-13:59,午10-13:59,2026-08-31,6.6400,,6.6400,否,是,,商品满减券,6920208966042,康师傅经典袋老坛酸菜牛肉面五包114g*5包/袋,42.00,6920208966042,康师傅经典袋老坛酸菜牛肉面五包114g*5包/袋,,14.60,,88,,,
128869,永辉超市(莆田仙游三凌广场店店),647,永辉超市,大型商超,福建,莆田,仙游,鲤南镇仙安村柳安街1188号,1,到家-淘宝闪购,否,否,否,否,否,否,是,否,"海天,妙可蓝多,康师傅,太粮米业,嘉士伯,伊利低温,舒客,蒙牛冰品,伊利奶粉,景兴",,午10-13:59,午10-13:59,2026-09-01,5.7200,,5.7200,否,是,,超级品牌券,6931624904518,,855.40,6902265202318,海天上等蚝油1kg,,19.68,,331,,,
73600,永辉超市(西城都荟店),647,永辉超市,大型商超,广东,广州,荔湾区,黄沙大道8号第2层212号商铺,1,到家-淘宝闪购,否,否,否,否,否,否,是,否,"太粮米业,伊利奶粉,康师傅,海天,妙可蓝多,景兴,伊利低温,舒客,嘉士伯,蒙牛冰品",,下午14-17:59,晚18-22:59,2026-09-01,8.1500,,8.1500,否,是,,商品满减券,6927096515628,,247.20,6922731882516,ABC K53亲柔立围棉柔迷你卫生巾8片[8片],,33.80,,338,,,
141095,永辉超市(西长安街店),647,永辉超市,大型商超,陕西,西安,长安区,西长安街579号长安商贸中心三期负1层,1,到家-京东,否,否,否,否,否,否,否,是,"伊利低温,海天,太粮米业,康师傅,妙可蓝多,景兴,嘉士伯",,晚18-22:59,晚18-22:59,2026-09-01,4.3300,,4.3300,否,是,,优惠券,6907992106908,畅轻蓝莓紫米爆珠发酵乳２５０ｇ,2136.00,6907992106908,畅轻蓝莓紫米爆珠发酵乳２５０ｇ,,19.65,,,,,
62176,永辉超市(重庆湖彩路店),647,永辉超市,大型商超,重庆,重庆,渝北区,湖彩路118号光环购物公园,1,到家-淘宝闪购,否,否,否,否,否,否,是,否,"脉动,脉动总部,海天,康师傅",,午10-13:59,午10-13:59,2026-08-29,8.4100,,8.4100,否,是,,品牌联盟券,6902538006278,,156.00,6902538006278,,,20.94,,89,,,
56059,永辉超市(金桥六路店),647,永辉超市,大型商超,陕西,西安,未央区,浐灞生态区金茂一路以南金桥六路以西金茂七路永辉超市(陕西Bravo金桥六路店),1,到家-京东,否,否,否,否,否,否,否,是,"海天,太粮米业,伊利低温,妙可蓝多,康师傅,伊利奶粉,景兴",,下午14-17:59,午10-13:59,2026-08-28,7.8000,,7.8000,否,是,,优惠券,6927096515871,,199.50,6907992106601,金典鲜牛奶４５０ｍｌ　　　　　,,23.98,,,,,
84426,永辉超市(长乐万星店),647,永辉超市,大型商超,福建,福州,长乐,航城街道吴航路988号,1,到家-淘宝闪购,否,否,否,否,否,否,是,否,"康师傅,嘉士伯,海天,蒙牛冰品,太粮米业,锐澳,妙可蓝多,康师傅饮品,伊利低温,溜溜梅",,,,2026-09-01,6.3600,,6.3600,否,是,,超级品牌券,6921336821920,,219.50,6921336821258,,,22.30,,,,,
27785,永辉超市(随州万达店),647,永辉超市,大型商超,湖北,随州,曾都区,万达广场室内-1F层,1,到家-京东,否,否,否,否,否,否,否,是,"太粮米业,海天,伊利低温,康师傅,伊利奶粉,妙可蓝多,嘉士伯",,晚18-22:59,早5-9:59,2026-08-29,7.0400,,7.0400,否,是,,优惠券,6927096515628,,223.20,6927096515628,,,34.25,,,,,
184487,永辉超市(随州吾悦店),647,永辉超市,大型商超,湖北,随州,曾都区,交通大道466号,1,到家-京东,否,否,否,否,否,否,否,是,"伊利低温,太粮米业,海天,嘉士伯,伊利奶粉,康师傅,妙可蓝多",,晚18-22:59,下午14-17:59,2026-08-30,6.0800,,6.0800,否,是,,优惠券,6907992106601,金典鲜牛奶４５０ｍｌ　　　　　,283.40,6907992106601,金典鲜牛奶４５０ｍｌ　　　　　,,42.88,,,,,
92782,永辉超市(雁翔路店),647,永辉超市,大型商超,陕西,西安,雁塔区,曲江新区雁翔路3369号创意谷文化产业园区A区负1层G-24,1,到家-京东,否,否,否,否,否,否,否,是,"太粮米业,伊利低温,海天,妙可蓝多,康师傅,景兴",,下午14-17:59,晚18-22:59,2026-09-01,6.3000,,6.3000,否,是,,优惠券,6927096515871,,279.30,6907992105574,畅轻青提芦荟燕麦风味发酵乳250g/杯,,24.86,,,,,
220778,永辉超市(高新万达店),647,永辉超市,大型商超,陕西,西安,雁塔区,高新区木塔寨西路719号万达广场负1层,1,到家-京东,否,否,否,否,否,否,否,是,"伊利低温,海天,康师傅,伊利奶粉,太粮米业,妙可蓝多,景兴",,晚18-22:59,午10-13:59,2026-08-29,5.8700,,5.8700,否,是,,优惠券,6907992109473,,240.30,6907992109473,,,29.16,,,,,
124968,永辉超市(鹤壁万达广场店),647,永辉超市,大型商超,河南,鹤壁,淇滨区,闽江路南、华夏南路东鹤壁万达广场购物中心2层,1,到家-京东,否,否,否,否,否,否,否,是,"海天,伊利低温,妙可蓝多,太粮米业",,早5-9:59,午10-13:59,2026-08-30,6.2700,,6.2700,否,是,,优惠券,6977168342348,海天永辉定制&油趣工坊有机山茶油1L,89.00,6904417012653,,,27.08,,,,,
17829,永辉超市（临平银泰城店）,647,永辉超市,大型商超,浙江,杭州,临平区,南苑街道世纪大道西1号地下1层B104号商铺,1,到家-淘宝闪购,否,否,否,否,否,否,是,否,"伊利奶粉,海天,舒客,伊利低温,康师傅,蒙牛冰品,妙可蓝多,溜溜梅,太粮米业,嘉士伯",,下午14-17:59,晚18-22:59,2026-09-01,13.2600,,13.2600,否,是,,商品满减券,6907992636306,,796.00,6902265510611,海天有机生抽500mL,,25.29,,,,,
169606,永辉超市（嘉定宝龙店）,647,永辉超市,大型商超,上海,上海,嘉定区,阿克苏路1077号B1层59商铺,1,到家-淘宝闪购,否,否,否,否,否,否,是,否,"伊利奶粉,海天,康师傅,蒙牛冰品,嘉士伯,太粮米业,景兴,妙可蓝多,溜溜梅,舒客",,午10-13:59,午10-13:59,2026-09-01,8.3700,,8.3700,否,是,,商品满减券,6922731800800,ABC 丝薄棉柔护垫 22片/包,160.20,6922731800800,ABC 丝薄棉柔护垫 22片/包,,17.68,,,,,
194712,永辉超市（西铁营万达广场店）,647,永辉超市,大型商超,北京,北京,丰台区,南苑乡西铁营村西铁营中路1号院,1,到家-淘宝闪购,否,否,否,否,否,否,是,否,"伊利低温,海天,康师傅,蒙牛冰品,溜溜梅,妙可蓝多,太粮米业,舒客,脉动总部,嘉士伯",,下午14-17:59,午10-13:59,2026-08-30,5.8900,,5.8900,否,是,,超级品牌券,6903252714074,康师傅酸菜牛肉面桶面122g/桶,99.80,6903252714074,康师傅酸菜牛肉面桶面122g/桶,,18.44,,,,,
