"id","src_store_id","storeverse_store_id","match_method","match_confidence","store_name","province","city","district","address","has_hospital","has_business_district","is_mature_community","is_cbd","has_metro","has_school","has_office","has_cinema","has_fitness","has_park","has_bank","has_gas_station","has_hotel","has_dining_cluster","has_hypermarket","has_university","is_transport_hub","has_scenic","is_industrial_park","has_edu_kids","is_waterfront","has_night_economy","has_government","poi_one_liner","data_source","created_at"
"1","327676","","unmatched","0","永辉超市(信万广场店)","河南","郑州市","金水区","河南省郑州市金水区丰庆路与国基路交叉路口西南角信万广场负1层","是","是","是","否","是","是","是","是","是","是","是","是","是","是","是","否","否","否","否","是","弱","否","否","成熟社区 + 区域商圈 + 家庭亲子 + 学校医疗 + 弱地铁 + 非 CBD","external_poi","2026/8/27 12:00:10"
"2","327677","75888","coord_nn","99","永辉超市(瀚海海尚店)","河南","郑州市","金水区","河南省郑州市金水区东风路32号瀚海海尚B2","是","是","是","否","是","是","是","是","是","是","是","是","是","是","是","是","否","否","否","是","否","是","是","成熟社区 + 区域商圈 + 高校科技 + 医疗地铁 + 写字楼 + 夜经济 + 非 CBD","external_poi","2026/8/27 12:00:10"
"3","327678","90656","coord_nn","99","永辉超市(闽江世纪金源店)","福建","福州市","仓山区","福建省福州市仓山区潘墩路188-11号世纪金源购物中心负1层MJ-SP-0-B1-001号","是","是","是","否","是","是","是","是","是","是","是","是","是","是","是","否","否","否","是","是","否","否","是","成熟社区 + 区域商圈 + 会展/产业园 + 家庭亲子 + 强地铁 + 非 CBD","external_poi","2026/8/27 12:00:10"
"4","327679","59158","coord_nn","96","永辉超市(中贸广场店)","陕西","西安市","碑林区","陕西省西安市碑林区长安北路130号中贸广场B1","是","是","是","是","是","是","是","是","是","是","是","是","是","是","是","是","否","是","是","是","否","是","是","核心商圈 + CBD/写字楼 + 高校 + 景区文旅 + 强地铁 + 夜经济","external_poi","2026/8/27 12:00:10"
"5","327680","8897","coord_nn","99","永辉超市(东风大道店)","安徽","合肥市","肥东","安徽省合肥市肥东县撮镇镇东风大道东铁路北路北永辉华东生活广场101室","是","是","是","否","是","是","是","是","是","是","是","是","是","是","是","是","否","否","是","是","否","否","是","成熟社区 + 产业园区 + 物流/仓储 + 家庭亲子 + 弱地铁 + 非商圈","external_poi","2026/8/27 12:00:11"
"6","327681","49779","coord_nn","99","永辉超市(公园道店)","福建","福州市","仓山区","桔园四路33号永辉超市公园道店B1层","是","是","是","否","是","是","是","是","是","是","是","是","是","是","是","是","否","是","否","是","是","是","是","成熟社区 + 区域商圈 + 公园湿地 + 学校亲子 + 地铁可达 + 非 CBD","external_poi","2026/8/27 12:00:11"
"7","327683","156152","coord_nn","99","永辉超市(裕华广场店)","河南","郑州市","惠济区","河南省郑州市惠济区长兴路裕华广场负1层","是","是","是","否","是","是","是","是","是","是","是","是","是","是","是","是","是","是","是","是","否","是","是","成熟商圈 地铁紧邻 写字楼 高校","external_poi","2026/8/27 12:00:11"
"8","327684","52773","coord_nn","93","永辉超市(金源购物中心店)","贵州","贵阳市","观山湖区","贵州省贵阳市观山湖区北京西路1号世纪金源购物中心停车场B1","是","是","是","是","是","是","是","是","是","是","是","是","是","是","是","是","否","是","是","是","否","是","是","CBD核心 近地铁 高校 景区","external_poi","2026/8/27 12:00:11"
"9","327685","133510","coord_nn","87","永辉超市(锦江文华广场店)","四川","成都市","锦江区","四川省成都市锦江区沙河街道东大路66号负一楼b101(汇泉南路499号)","是","是","是","否","是","是","是","是","是","是","是","是","是","是","是","是","是","是","是","是","否","是","是","成熟商圈 地铁紧邻 写字楼 高校","external_poi","2026/8/27 12:00:11"
"10","327686","101824","coord_nn","99","永辉超市(喜隆多店)","北京","北京市","石景山区","北京市石景山区古城街道阜石路300号二层209号","是","是","是","否","是","是","是","是","是","是","是","是","是","是","是","是","是","是","是","是","否","是","是","成熟商圈 弱地铁 写字楼 高校","external_poi","2026/8/27 12:00:11"
"11","327687","60975","coord_nn","99","永辉超市(长乐万星店)","福建","福州市","长乐","福建省福州市长乐区吴航路988号万星广场B1","是","是","是","是","是","是","是","是","是","是","是","是","是","是","是","否","是","是","是","是","否","是","是","CBD核心 地铁紧邻 景区 产业园","external_poi","2026/8/27 12:00:11"
"12","327688","","unmatched","0","永辉超市(五四北店)","福建","福州市","晋安区","福建省福州市晋安区秀峰路421号(五四in象正对面)","是","是","是","否","是","是","是","是","是","是","是","是","是","是","是","否","是","是","是","是","否","是","是","成熟商圈 弱地铁 写字楼 景区","external_poi","2026/8/27 12:00:11"
"13","327689","193216","coord_nn","99","永辉超市(卓悦汇店)","广东","深圳市","福田区","广东省深圳市福田区中康路126号卓悦汇INJOY购物中心B2","是","是","是","是","是","是","是","是","是","是","是","是","是","是","是","是","否","是","是","是","否","是","是","CBD核心 地铁紧邻 高校 景区","external_poi","2026/8/27 12:00:11"
"14","327690","36575","coord_nn","91","永辉超市(南坪万达广场店)","重庆","重庆市","南岸区","重庆市南岸区江南大道8号附127号万达广场(南坪店)B1","是","是","是","是","是","是","是","是","是","是","是","是","是","是","是","是","是","是","是","是","否","是","是","CBD核心 地铁紧邻 高校 景区","external_poi","2026/8/27 12:00:11"
"15","327691","21142","coord_nn","99","永辉超市(金地广场店)","陕西","西安市","雁塔区","陕西省西安市雁塔区曲江街道曲江新区曲江池东路999号西安金地广场B1层","是","是","是","是","是","是","是","是","是","是","是","是","是","是","是","是","否","是","是","是","否","是","是","CBD核心 近地铁 高校 景区","external_poi","2026/8/27 12:00:11"
"16","327692","84799","coord_nn","99","永辉超市(华润万象汇店)","安徽","合肥市","庐阳区","安徽省合肥市庐阳区临泉路华润万象汇负一楼B139号","是","是","是","是","是","是","是","是","否","是","是","否","是","是","否","否","否","否","否","是","否","否","否","CBD核心 地铁紧邻","external_poi","2026/8/27 12:00:11"
"17","327693","211298","coord_nn","98","永辉超市(沈北吾悦店)","辽宁","沈阳市","沈北新区","辽宁省沈阳市沈北新区蒲河路33-1号沈阳沈北吾悦广场B1","是","是","是","否","是","是","是","是","是","是","是","是","是","是","否","是","否","是","是","是","否","是","是","成熟商圈 弱地铁 写字楼 高校","external_poi","2026/8/27 12:00:11"
"18","327694","185492","coord_nn","71","永辉超市(滨湖方圆荟店)","安徽","合肥市","包河区","安徽省合肥市包河区滨湖新区徽州大道5558号方圆荟(合肥滨湖店)F1","是","是","是","否","是","是","是","是","是","是","是","是","是","是","是","是","否","是","是","是","否","是","是","成熟商圈 地铁紧邻 写字楼 高校","external_poi","2026/8/27 12:00:11"
"19","327695","47624","coord_nn","99","永辉超市(中海寰宇城店)","甘肃","兰州市","安宁区","甘肃省兰州市安宁区蓝科路与莫高大道交汇处莫高大道1131-1149号","是","是","是","否","是","是","是","是","是","是","是","是","是","是","是","是","否","是","是","是","否","是","是","成熟商圈 弱地铁 写字楼 高校","external_poi","2026/8/27 12:00:11"
"20","327696","160326","name_fuzzy","40","永辉超市(龙湖锦艺城店)","河南","郑州市","新郑市","河南省郑州市新郑市郑新快速通道辅路龙湖锦艺城购物中心负一层","是","是","是","否","是","是","是","是","是","是","是","是","是","是","是","是","否","是","是","是","否","是","是","成熟商圈 弱地铁 写字楼 高校","external_poi","2026/8/27 12:00:11"
"21","327697","105537","coord_nn","99","永辉超市(仁怀酒都方圆荟店)","贵州","遵义市","仁怀","贵州省遵义市仁怀市国酒南路酒都方圆荟购物广场负1层","是","是","是","否","否","是","是","是","是","是","是","是","是","是","是","是","是","是","是","是","否","是","是","成熟商圈 写字楼 高校","external_poi","2026/8/27 12:00:11"
"22","327698","101253","coord_nn","99","永辉超市(临平万达店)","浙江","杭州市","临平区","浙江省杭州市临平区荷禹路105号临平万达广场(万宝城)-1F","是","是","是","是","是","是","是","是","是","是","是","是","是","是","是","否","是","是","是","是","否","是","是","CBD核心 近地铁 景区 产业园","external_poi","2026/8/27 12:00:11"
"23","327699","38617","coord_nn","99","永辉超市(盛华里店)","河南","郑州市","管城回族区","河南省郑州市管城回族区航海东路经开万锦城负1层","是","是","是","否","是","是","是","是","是","是","是","是","是","是","是","否","否","是","是","是","否","是","是","成熟商圈 弱地铁 写字楼 景区","external_poi","2026/8/27 12:00:12"
"24","327700","178589","coord_nn","99","永辉超市(银泰in77店)","安徽","合肥市","蜀山区","安徽省合肥市蜀山区祁门路33号合肥银泰in77B1层西北侧","是","是","是","是","是","是","是","是","是","是","是","是","是","是","是","是","否","是","是","是","否","是","是","CBD核心 地铁紧邻 高校 景区","external_poi","2026/8/27 12:00:12"
"25","327701","67954","coord_nn","98","永辉超市(华阳城店)","陕西","西安市","灞桥区","陕西省西安市灞桥区长乐东路999号华阳城购物中心负1层","是","是","是","否","是","是","是","是","是","是","是","是","是","是","是","是","是","是","是","是","否","是","是","成熟商圈 地铁紧邻 写字楼 高校","external_poi","2026/8/27 12:00:12"
"26","327702","39252","coord_nn","61","永辉超市(房山印象城店)","北京","北京市","房山区","北京市房山区长阳广阳新路9号院1号楼中粮·万科半岛广场B1","是","是","是","否","是","是","是","是","是","是","是","是","是","是","是","否","否","否","是","是","否","否","是","成熟商圈 弱地铁 写字楼 产业园","external_poi","2026/8/27 12:00:12"
"27","327703","181149","coord_nn","89","永辉超市(南沙万达店)","广东","广州市","南沙区","广东省广州市南沙区双山大道3号万达广场(广州南沙店)B1","是","是","是","否","是","是","是","是","是","是","是","是","是","是","是","是","是","是","是","是","否","是","是","成熟商圈 弱地铁 写字楼 高校","external_poi","2026/8/27 12:00:12"
"28","327704","","unmatched","0","永辉超市(新世界店)","贵州","贵阳市","观山湖区","贵州省贵阳市观山湖区金阳新世界碧潭园2A、2C地块珑玥组团G4栋","是","是","是","否","是","是","是","是","是","是","是","是","是","是","是","是","否","是","是","是","否","是","是","成熟商圈 弱地铁 写字楼 高校","external_poi","2026/8/27 12:00:12"
"29","327705","18884","coord_nn","99","永辉超市(大儒世家店)","福建","福州市","鼓楼区","福建省福州市鼓楼区金牛山北侧甘洪路东侧大儒世家","是","是","是","否","是","是","是","是","是","是","是","是","是","是","是","是","否","是","是","是","否","是","是","成熟商圈 弱地铁 写字楼 高校","external_poi","2026/8/27 12:00:12"
"30","327706","205628","coord_nn","91","永辉超市(爱琴海店)","四川","成都市","郫都区","四川省成都市郫都区犀浦街道国宁东路919号成都后花园1号楼B1层","是","是","是","否","是","是","是","是","是","是","是","是","是","是","是","是","否","否","是","是","否","是","是","成熟商圈 弱地铁 写字楼 高校","external_poi","2026/8/27 12:00:12"
"31","327707","190570","coord_nn","73","永辉超市(滨江龙湖店)","四川","成都市","成华区","四川省成都市成华区跳蹬河街道杉板桥路龙湖滨江天街1栋B1-Z1","是","是","是","否","是","是","是","是","是","是","是","是","是","是","是","是","否","是","是","是","否","是","是","成熟商圈 近地铁 写字楼 高校","external_poi","2026/8/27 12:00:12"
"32","327708","195934","city_name_addr","91","永辉超市(渝北吾悦店)","重庆","重庆市","大足区","重庆市两江新区仙桃街道同茂大道369号吾悦广场B馆-1F-Z01号","是","是","是","否","是","是","是","是","是","是","是","是","是","是","是","是","否","是","是","是","否","是","是","成熟商圈 近地铁 写字楼 高校","external_poi","2026/8/27 12:00:12"
"33","327709","113240","coord_nn","99","永辉超市(宝安大仟里店)","广东","深圳市","宝安区","广东省深圳市宝安区西乡街道海城路3号前城滨海花园2栋负1楼","否","否","否","否","否","否","否","否","否","否","否","否","否","否","否","否","否","否","否","否","否","否","否","无周边配套","external_poi","2026/8/27 12:00:13"
"34","327710","85876","coord_nn","99","永辉超市(SM 广场店)","天津","天津市","东丽区","天津市东丽区空港经济区环河北路168号SM天津滨海城市广场1F","否","否","否","否","否","否","否","否","否","否","否","否","否","否","否","否","否","否","否","否","否","否","否","无周边配套","external_poi","2026/8/27 12:00:13"
"35","327711","153576","coord_nn","99","永辉超市(金山万达店)","上海","上海市","金山区","上海市金山区山阳镇龙皓路1088号B1-A号商铺","否","否","否","否","否","否","否","否","否","否","否","否","否","否","否","否","否","否","否","否","否","否","否","无周边配套","external_poi","2026/8/27 12:00:13"
"36","327712","40108","coord_nn","92","永辉超市(成都银泰城店)","四川","成都市","武侯区","四川省成都市武侯区益州大道1999号银泰城购物中心B1","否","否","否","否","否","否","否","否","否","否","否","否","否","否","否","否","否","否","否","否","否","否","否","无周边配套","external_poi","2026/8/27 12:00:13"
"37","327713","151252","coord_nn","87","永辉超市(奥体中心广场店)","福建","福州市","仓山区","福建省福州市仓山区福湾路海峡奥体中心商业广场内","否","否","否","否","否","否","否","否","否","否","否","否","否","否","否","否","否","否","否","否","否","否","否","无周边配套","external_poi","2026/8/27 12:00:13"
"38","327714","140420","coord_nn","99","永辉超市(大学路店)","河南","郑州市","二七区","河南省郑州市二七区大学北路中苑名都","否","否","否","否","否","否","否","否","否","否","否","否","否","否","否","否","否","否","否","否","否","否","否","无周边配套","external_poi","2026/8/27 12:00:13"
"39","327715","186345","coord_nn","90","永辉超市(九华广场店)","福建","莆田市","荔城区","福建省莆田市荔城区九华西大道633号九华广场商场地下负1层","否","否","否","否","否","否","否","否","否","否","否","否","否","否","否","否","否","否","否","否","否","否","否","无周边配套","external_poi","2026/8/27 12:00:13"
"40","327716","138137","coord_nn","99","永辉超市(商厦中心店)","安徽","阜阳市","颍州区","安徽省阜阳市颍州区清河西路与阜南路交口七彩世界欢乐城地下一层","否","否","否","否","否","否","否","否","否","否","否","否","否","否","否","否","否","否","否","否","否","否","否","无周边配套","external_poi","2026/8/27 12:00:13"
"41","327717","85140","coord_nn","99","永辉超市(阳光天地店)","陕西","西安市","长安区","陕西省西安市长安区博士路辅路阳光天地B1","否","否","否","否","否","否","否","否","否","否","否","否","否","否","否","否","否","否","否","否","否","否","否","无周边配套","external_poi","2026/8/27 12:00:13"
"42","327718","165588","coord_nn","90","永辉超市(新城吾悦广场店)","广西","南宁市","兴宁区","广西壮族自治区南宁市兴宁区金川路7号新城吾悦广场B1层","否","否","否","否","否","否","否","否","否","否","否","否","否","否","否","否","否","否","否","否","否","否","否","无周边配套","external_poi","2026/8/27 12:00:13"
"43","327719","46202","coord_nn","99","永辉超市(厚街万达店)","广东","东莞市","东莞","广东省东莞市体育路和康乐北路交汇之处万达广场(厚街店)B1","否","否","否","否","否","否","否","否","否","否","否","否","否","否","否","否","否","否","否","否","否","否","否","无周边配套","external_poi","2026/8/27 12:00:13"
"44","327720","202257","coord_nn","80","永辉超市(鸿坤店)","北京","北京市","大兴区","北京市大兴区西红门欣旺北大街8号鸿坤广场B1","否","否","否","否","否","否","否","否","否","否","否","否","否","否","否","否","否","否","否","否","否","否","否","无周边配套","external_poi","2026/8/27 12:00:13"
"45","327721","111997","coord_nn","90","永辉超市(龙湾万达店)","浙江","温州市","龙湾区","浙江省温州市龙湾区永定路1188号万达广场(龙湾店)B1","否","否","否","否","否","否","否","否","否","否","否","否","否","否","否","否","否","否","否","否","否","否","否","无周边配套","external_poi","2026/8/27 12:00:14"
"46","327722","58031","coord_nn","79","永辉超市(金城中心店)","甘肃","兰州市","西固区","甘肃省兰州市西固区西固中路118号假日熊猫购物公园负一层B1001号","否","否","否","否","否","否","否","否","否","否","否","否","否","否","否","否","否","否","否","否","否","否","否","无周边配套","external_poi","2026/8/27 12:00:14"
"47","327723","183254","coord_nn","94","永辉超市(浦江万达广场店)","上海","上海市","闵行区","上海市闵行区浦江镇永跃路360号地下一层A区","否","否","否","否","否","否","否","否","否","否","否","否","否","否","否","否","否","否","否","否","否","否","否","无周边配套","external_poi","2026/8/27 12:00:14"
"48","327724","15414","coord_nn","99","永辉超市(大明宫万达店)","陕西","西安市","未央区","陕西省西安市未央区太华北路369号万达广场(大明宫店)B1","否","否","否","否","否","否","否","否","否","否","否","否","否","否","否","否","否","否","否","否","否","否","否","无周边配套","external_poi","2026/8/27 12:00:14"
"49","327725","224539","coord_nn","99","永辉超市(五里墩店)","湖北","武汉市","汉阳区","湖北省武汉市汉阳区汉阳大道408号万科未来中心B1","否","否","否","否","否","否","否","否","否","否","否","否","否","否","否","否","否","否","否","否","否","否","否","无周边配套","external_poi","2026/8/27 12:00:14"
"50","327726","87562","city_name_addr","99","永辉超市(福清万达店)","福建","福州市","福清市","清昌大道105号福清清昌万达广场B1","是","是","是","是","是","是","否","是","是","是","是","是","是","是","是","是","否","是","是","是","是","是","是","商圈 + 成熟社区 + CBD + 地铁 + 学校","external_poi","2026/8/27 12:00:14"
"51","327727","123768","coord_nn","87","永辉超市(海乐世界店)","云南","昆明市","官渡区","永中路38号昆明海乐世界购物中心(昆明店)B1F","是","是","是","是","是","是","否","是","是","是","是","是","是","是","是","是","否","是","是","是","是","是","是","商圈 + 成熟社区 + CBD + 地铁 + 学校","external_poi","2026/8/27 12:00:14"
"52","327728","208651","coord_nn","98","永辉超市(中正天街店)","山西","太原市","迎泽区","桥东街道并州路48号中正天街负一层","是","是","是","是","是","是","否","是","是","是","是","是","是","是","是","是","是","是","是","是","是","是","是","商圈 + 成熟社区 + CBD + 地铁 + 学校","external_poi","2026/8/27 12:00:14"
"53","327729","6016","coord_nn","98","永辉超市(卧龙悦购店)","北京","北京市","顺义区","顺白路卧龙悦购","是","是","是","是","是","是","否","是","是","是","是","是","是","是","否","是","否","是","是","是","是","是","是","商圈 + 成熟社区 + CBD + 地铁 + 学校","external_poi","2026/8/27 12:00:14"
"54","327730","80865","coord_nn","99","永辉超市(星光天地店)","河南","开封市","龙亭区","黄河大街北段99号星光天地B1","是","是","是","是","否","是","否","是","是","是","是","是","是","是","是","是","否","是","是","是","是","是","是","商圈 + 成熟社区 + CBD + 学校 + 医疗","external_poi","2026/8/27 12:00:14"
"55","327731","55718","coord_nn","99","永辉超市(涪城万达广场店)","四川","绵阳市","涪城区","塘汛街道经开区三江大道16号B1-A","是","是","是","是","否","是","否","是","是","是","是","是","是","是","是","是","否","否","是","是","是","是","是","商圈 + 成熟社区 + CBD + 学校 + 医疗","external_poi","2026/8/27 12:00:14"
"56","327732","55191","coord_nn","73","永辉超市(凯德mall.大兴店)","北京","北京市","大兴区","华佗路2号B2-01","是","是","是","是","是","是","否","是","是","是","是","是","是","是","是","否","否","否","是","是","是","是","是","商圈 + 成熟社区 + CBD + 地铁 + 学校","external_poi","2026/8/27 12:00:14"
"57","327733","41551","coord_nn","99","永辉超市(吾悦广场店)","浙江","温州市","龙湾区","仙桃街道同茂大道369号吾悦广场B馆-1F-Z01号","是","是","是","是","是","是","否","是","是","是","是","是","是","是","是","否","否","是","是","是","是","是","是","商圈 + 成熟社区 + CBD + 地铁 + 学校","external_poi","2026/8/27 12:00:14"
"58","327734","8137","coord_nn","99","永辉超市(新都汇融广场店)","四川","成都市","新都区","汇融广场方元路55号9号楼负1楼","是","是","是","是","是","是","否","是","是","是","是","是","是","是","是","否","否","否","是","是","是","是","是","商圈 + 成熟社区 + CBD + 地铁 + 学校","external_poi","2026/8/27 12:00:14"
"59","327735","438","coord_nn","99","永辉超市(西田购物中心店)","浙江","杭州市","余杭区","莫干山路1509号西田城购物中心B1","是","是","是","是","是","是","否","是","是","是","是","是","是","是","是","否","否","否","是","是","是","是","是","商圈 + 成熟社区 + CBD + 地铁 + 学校","external_poi","2026/8/27 12:00:14"
"60","327736","47167","name_fuzzy","40","永辉超市(曹路恒越店)","上海","上海市","浦东新区","曹路镇金钻路828弄9号恒越荣欣广场地下1层B101室","是","是","是","是","是","是","否","是","是","是","是","是","是","是","是","否","否","否","是","是","是","是","是","商圈 + 成熟社区 + CBD + 地铁 + 学校","external_poi","2026/8/27 12:00:15"
"61","327737","207508","coord_nn","99","永辉超市(吾悦广场店)","贵州","遵义市","红花岗区","共青大道辅路遵义吾悦广场B1","是","是","是","是","否","是","否","是","是","是","是","是","是","是","是","否","是","否","否","是","是","是","是","商圈 + 成熟社区 + CBD + 学校 + 医疗","external_poi","2026/8/27 12:00:15"
"62","327738","31250","coord_nn","83","永辉超市(福田IN 城市广场店)","广东","深圳市","福田区","深南中路1095号城市广场·深圳B1","是","是","是","是","是","是","否","是","是","是","是","是","是","是","是","是","否","是","是","是","是","是","是","商圈 + 成熟社区 + CBD + 地铁 + 学校","external_poi","2026/8/27 12:00:15"
"63","327739","136844","coord_nn","99","永辉超市(益田假日广场店)","广东","深圳市","罗湖区","翠竹街道华丽路2038号(近地铁3号线翠竹站)罗湖益田假日广场B2","是","是","是","是","是","是","否","是","是","是","是","是","是","是","是","是","是","是","是","是","是","是","是","商圈 + 成熟社区 + CBD + 地铁 + 学校","external_poi","2026/8/27 12:00:15"
"64","327740","12111","coord_nn","99","永辉超市(西城天街店)","重庆","重庆市","九龙坡区","珠江路48号龙湖西城天街B1","是","是","是","是","是","是","否","是","是","是","是","是","是","是","是","是","是","是","否","是","是","是","是","商圈 + 成熟社区 + CBD + 地铁 + 学校","external_poi","2026/8/27 12:00:15"
"65","327741","16971","city_name_addr","70","永辉超市(万达广场店)","四川","泸州市","龙马潭区","江南大道8号附127号万达广场(南坪店)B1","是","是","是","是","是","是","否","是","是","是","是","是","是","是","是","是","否","否","是","是","是","是","是","商圈 + 成熟社区 + CBD + 地铁 + 学校","external_poi","2026/8/27 12:00:15"
"66","327742","62077","coord_nn","88","永辉超市(西咸吾悦广场店)","陕西","西安市","未央区","天台路西咸吾悦广场B1","是","是","是","是","是","是","否","是","是","是","是","是","是","是","是","否","否","否","是","是","是","是","是","商圈 + 成熟社区 + CBD + 地铁 + 学校","external_poi","2026/8/27 12:00:15"
"67","327743","198357","coord_nn","91","永辉超市(万州万达广场店)","重庆","重庆市","万州区","北滨大道998号万达广场(万州店)B2","是","是","是","是","否","是","否","是","是","是","是","是","是","是","是","是","是","是","是","是","是","是","是","商圈 + 成熟社区 + CBD + 学校 + 医疗","external_poi","2026/8/27 12:00:15"
"68","327744","77685","coord_nn","83","永辉超市(中强光年店)","河南","郑州市","新密市","青屏街街道西大街辅路中强光年负一楼","是","是","是","是","否","是","否","是","是","是","是","是","是","是","是","是","是","是","是","是","是","是","是","商圈 + 成熟社区 + CBD + 学校 + 医疗","external_poi","2026/8/27 12:00:15"
"69","327745","88032","coord_nn","99","永辉超市(唐镇阳光城)","上海","上海市","浦东新区","高科东路777弄720号地下1层B101单元","否","是","是","是","是","是","否","是","是","是","是","是","是","是","是","是","否","否","是","是","是","是","是","商圈 + 成熟社区 + CBD + 地铁 + 学校","external_poi","2026/8/27 12:00:15"
"70","327746","197108","coord_nn","99","永辉超市(龙湖大学城店)","重庆","重庆市","沙坪坝区","大学城北路97号(尖顶坡地铁站1号口步行260米)龙湖重庆U城天街B馆B1","是","是","是","是","是","是","否","是","是","是","是","是","是","是","是","是","否","是","是","是","是","是","是","商圈 + 成熟社区 + CBD + 地铁 + 学校","external_poi","2026/8/27 12:00:15"
"71","327747","164011","coord_nn","99","永辉超市(青浦宝龙店)","上海","上海市","青浦区","汇金路590号青浦宝龙广场B1","是","是","是","是","是","是","否","是","是","是","是","是","是","是","是","是","否","否","是","是","是","是","是","商圈 + 成熟社区 + CBD + 地铁 + 学校","external_poi","2026/8/27 12:00:15"
"72","327748","171816","coord_nn","99","永辉超市(包河万达广场店)","安徽","合肥市","包河区","马鞍山路130号万达广场(包河店)B1","是","是","是","是","是","是","否","是","是","是","是","是","是","是","是","是","是","是","否","是","是","是","是","商圈 + 成熟社区 + CBD + 地铁 + 学校","external_poi","2026/8/27 12:00:15"
"73","327749","225438","coord_nn","99","永辉超市(鹏瑞利青羊广场店)","四川","成都市","青羊区","光华大道一段光华北三路55号鹏瑞利青羊广场B1","是","是","是","是","是","是","否","是","是","是","是","是","是","是","是","否","否","是","是","是","是","是","是","商圈 + 成熟社区 + CBD + 地铁 + 学校","external_poi","2026/8/27 12:00:15"
"74","327750","14408","city_name_relaxed","92","永辉超市(青山湖万达广场店)","江西","南昌市","青山湖区","湖坊镇京东大道999号青山湖万达广场购物中心负一楼部分、一层部分","是","是","是","是","是","是","否","是","是","是","是","是","是","是","是","是","否","是","是","是","是","是","是","商圈 + 成熟社区 + CBD + 地铁 + 学校","external_poi","2026/8/27 12:00:15"
"75","327751","19517","coord_nn","99","永辉超市(临安钱王财富广场店)","浙江","杭州市","临安","锦城街道城中街钱王财富中心地下一层","是","是","是","是","是","是","否","是","是","是","是","是","是","是","是","是","是","否","是","是","是","是","是","商圈 + 成熟社区 + CBD + 地铁 + 学校","external_poi","2026/8/27 12:00:15"
"76","327752","65677","city_name_addr","70","永辉超市(长安中骏世界城店)","北京","北京市","门头沟区","新城东街8号院1号楼B1层B1001号","是","是","是","是","是","是","否","是","是","是","是","是","是","是","否","否","否","是","是","是","是","是","是","商圈 + 成熟社区 + CBD + 地铁 + 学校","external_poi","2026/8/27 12:00:16"
"77","327753","221267","coord_nn","58","永辉超市(通州万达店)","北京","北京市","通州区","新华西街58号北京通州万达广场B1","是","是","是","是","是","是","否","是","是","是","是","是","是","是","是","是","否","是","是","是","是","是","是","商圈 + 成熟社区 + CBD + 地铁 + 学校","external_poi","2026/8/27 12:00:16"
"78","327754","5540","coord_nn","93","永辉超市(太仓万达店)","江苏","苏州市","太仓市","上海东路188号万达广场(太仓店)B1","是","是","是","是","否","是","否","是","是","是","是","是","是","是","否","否","否","是","是","是","是","是","是","商圈 + 成熟社区 + CBD + 学校 + 医疗","external_poi","2026/8/27 12:00:16"
"79","327755","221417","coord_nn","99","永辉超市(万达广场店)","福建","漳州市","龙文区","建元东路2号漳州碧湖万达广场B1","是","是","是","是","否","是","否","是","是","是","是","是","是","是","是","否","否","是","是","是","是","是","是","商圈 + 成熟社区 + CBD + 学校 + 医疗","external_poi","2026/8/27 12:00:16"
"80","327756","","unmatched","0","永辉超市(双福星街店)","重庆","重庆市","江津区","双福镇南北大道北段588号附28号","是","是","是","是","否","是","否","是","是","是","是","是","是","是","是","是","是","否","是","是","是","是","是","商圈 + 成熟社区 + CBD + 学校 + 医疗","external_poi","2026/8/27 12:00:16"
"81","327757","87499","coord_nn","91","永辉超市(龙湖江北天街店)","江苏","南京市","浦口区","泰山街道江北新区文景路99号天街B1F-Z01","否","是","是","是","是","是","否","是","是","是","是","是","是","是","是","是","否","否","是","是","是","是","是","商圈 + 成熟社区 + CBD + 地铁 + 学校","external_poi","2026/8/27 12:00:16"
"82","327758","43700","coord_nn","99","永辉超市(群众路店)","福建","福州市","台江区","群众路104号(茶亭地铁站A口步行140米)","是","是","是","是","是","是","否","是","是","是","是","是","是","是","是","是","是","是","否","是","是","是","是","商圈 + 成熟社区 + CBD + 地铁 + 学校","external_poi","2026/8/27 12:00:16"
"83","327759","58325","coord_nn","99","永辉超市(乐荟城店)","四川","绵阳市","涪城区","绵阳科创园区剑南路西段323号华地恒通.乐荟城1幢负一层","是","是","是","是","否","是","否","是","是","是","是","是","是","是","是","是","是","否","是","是","是","是","是","商圈 + 成熟社区 + CBD + 学校 + 医疗","external_poi","2026/8/27 12:00:16"
"84","327760","226460","city_name_addr","70","永辉超市(万晟城店)","四川","内江市","东兴区","东兴街道汉安大道东段555号万晟汇购物中心负1楼","是","是","是","否","否","是","否","是","是","是","是","是","是","是","是","是","否","否","是","是","是","是","是","商圈 + 成熟社区 + 学校 + 医疗 + 高校","external_poi","2026/8/27 12:00:16"
"85","327761","","unmatched","0","永辉超市(万达广场店)","福建","宁德市","蕉城区","天湖东路1号万达广场负一层","是","是","是","是","否","是","否","是","是","是","是","是","是","是","是","是","是","否","否","是","是","是","是","商圈 + 成熟社区 + CBD + 学校 + 医疗","external_poi","2026/8/27 12:00:17"
"86","327762","169606","coord_nn","53","永辉超市(嘉定宝龙购物广场店)","上海","上海市","嘉定区","嘉定工业区阿克苏路1077号B1层59商铺","是","是","是","是","是","是","否","是","是","是","是","是","是","是","是","否","否","是","否","是","是","是","是","商圈 + 成熟社区 + CBD + 地铁 + 学校","external_poi","2026/8/27 12:00:17"
"87","327763","35420","name_fuzzy","40","永辉超市(花都融创茂店)","广东","广州市","花都区","花城街道凤凰北路63号101房(部位:B1-A)(3号门旁边斜坡下去)","是","是","是","是","是","否","否","是","是","是","是","是","是","是","是","是","否","是","是","是","是","否","是","商圈 + 成熟社区 + CBD + 地铁 + 医疗","external_poi","2026/8/27 12:00:17"
"88","327764","32788","coord_nn","92","永辉超市(MOMOPARK店)","陕西","西安市","雁塔区","小寨路街道小寨西路216号MOMO PARK艺术购物中心B1","是","是","是","是","是","是","否","是","是","是","是","是","是","是","否","是","否","是","是","是","是","是","是","商圈 + 成熟社区 + CBD + 地铁 + 学校","external_poi","2026/8/27 12:00:17"
"89","327765","192666","coord_nn","99","永辉超市(垫江昆翔明悦天街店)","重庆","重庆市","垫江","明月二路469号协信星光天地负一层","是","是","是","是","否","是","否","是","是","是","是","是","是","是","是","是","否","是","否","是","是","是","是","商圈 + 成熟社区 + CBD + 学校 + 医疗","external_poi","2026/8/27 12:00:17"
"90","327766","43451","coord_nn","99","永辉超市(秦州万达广场店)","甘肃","天水市","秦州区","七里墩街道万达广场负一层","是","是","是","是","否","是","否","是","是","是","是","是","是","是","是","否","是","否","否","是","弱","是","是","商圈 + 成熟社区 + CBD + 学校 + 医疗","external_poi","2026/8/27 12:00:17"
"91","327767","17724","coord_nn","88","永辉超市(龙湖北宸天街店)","山东","济南市","历城区","工业北路17887号(与凤凰路交汇口)龙湖济南北宸天街B1层A-B1-Z01","是","是","是","否","是","是","否","是","是","是","是","是","是","是","是","否","否","否","是","是","是","是","是","商圈 + 成熟社区 + 地铁 + 学校 + 医疗","external_poi","2026/8/27 12:00:17"
"92","327768","6557","coord_nn","94","永辉超市(万达广场店)","河南","焦作市","解放区","王褚街道民主南路988号万达广场二层","是","是","是","是","否","是","否","是","是","是","是","是","是","是","是","否","是","是","是","是","是","是","是","商圈 + 成熟社区 + CBD + 学校 + 医疗","external_poi","2026/8/27 12:00:17"
"93","327769","80028","coord_nn","80","永辉超市(新纪元店)","重庆","重庆市","沙坪坝区","双巷子步行街6号煌华新纪元购物广场B2","是","是","是","是","是","是","否","是","是","是","是","是","是","是","是","是","是","是","是","是","是","是","是","商圈 + 成熟社区 + CBD + 地铁 + 学校","external_poi","2026/8/27 12:00:17"
"94","327770","55647","coord_nn","99","永辉超市(千禧街店)","北京","北京市","丰台区","靛厂路11号千禧购物中心F2","是","是","是","是","是","是","否","是","是","是","是","是","是","是","是","否","是","否","是","是","是","是","是","商圈 + 成熟社区 + CBD + 地铁 + 学校","external_poi","2026/8/27 12:00:17"
"95","327771","460","coord_nn","97","永辉超市(长安万达广场店)","河北","石家庄市","长安区","中山东路583号万达广场长安店B1层","是","是","是","是","是","是","否","是","是","是","是","是","是","是","是","否","是","否","是","是","是","是","是","商圈 + 成熟社区 + CBD + 地铁 + 学校","external_poi","2026/8/27 12:00:17"
"96","327772","74375","coord_nn","90","永辉超市(江宁万达广场店)","江苏","南京市","江宁区","东山街道竹山路68号万达广场A座负1层C1-B1-A号","是","是","是","是","是","是","否","是","是","是","是","是","是","是","是","是","否","是","是","是","是","是","是","商圈 + 成熟社区 + CBD + 地铁 + 学校","external_poi","2026/8/27 12:00:17"
"97","327773","156193","coord_nn","99","永辉超市(宝文店)","安徽","合肥市","瑶海区","站西路宝文国际花园","是","否","是","是","是","是","否","是","是","是","是","是","是","是","是","否","是","是","是","是","是","是","是","成熟社区 + CBD + 地铁 + 学校 + 医疗","external_poi","2026/8/27 12:00:17"
"98","327774","68941","coord_nn","97","永辉超市(民发广场店)","湖北","襄阳市","襄州区","张湾街道航空路民发广场A楼负一层","是","是","是","是","否","是","否","是","是","是","是","是","是","是","是","否","否","否","是","是","是","否","是","商圈 + 成熟社区 + CBD + 学校 + 医疗","external_poi","2026/8/27 12:00:17"
"99","327775","116049","coord_nn","89","永辉超市(万达广场店)","山西","大同市","平城区","水泊寺街道南环东路与永和路交汇处东北角万达广场B1层","是","是","是","是","否","是","否","是","是","否","是","是","是","是","是","否","否","否","否","是","否","是","是","商圈 + 成熟社区 + CBD + 学校 + 医疗","external_poi","2026/8/27 12:00:17"
"100","327776","74811","coord_nn","91","永辉超市(大亚湾万达广场店)","广东","惠州市","惠阳区","龙海二路","是","是","是","是","否","是","否","是","是","是","是","是","是","是","否","是","否","否","是","是","是","是","是","商圈 + 成熟社区 + CBD + 学校 + 医疗","external_poi","2026/8/27 12:00:17"
"101","327777","30183","coord_nn","85","永辉超市(吾悦广场店)","浙江","金华市","义乌市","江东东路2号吾悦广场(义乌店)B1","是","是","是","是","否","是","否","是","是","是","是","是","是","是","是","是","否","是","否","是","是","是","是","商圈 + 成熟社区 + CBD + 学校 + 医疗","external_poi","2026/8/27 12:00:18"
"102","327778","34712","coord_nn","99","永辉超市(万象汇店)","四川","泸州市","江阳区","康城路一段1号泸州万象汇B1","是","是","是","是","否","是","否","是","是","是","是","是","是","是","是","是","是","是","是","是","是","是","是","商圈 + 成熟社区 + CBD + 学校 + 医疗","external_poi","2026/8/27 12:00:18"
"103","327779","133044","coord_nn","99","永辉超市(登封中天广场店)","河南","郑州市","登封","嵩阳路金博大商场内","是","是","是","是","否","是","否","是","是","是","是","是","是","是","是","是","是","是","是","是","是","是","是","商圈 + 成熟社区 + CBD + 学校 + 医疗","external_poi","2026/8/27 12:00:18"
"104","327780","160892","coord_nn","91","永辉超市(新津碧乐城店)","四川","成都市","新津区","兴园三路融信时代广场B1层","是","是","是","是","是","是","否","是","是","是","是","是","是","是","是","是","否","是","否","是","是","是","是","商圈 + 成熟社区 + CBD + 地铁 + 学校","external_poi","2026/8/27 12:00:18"
"105","327781","221677","coord_nn","99","永辉超市(古田名城店)","福建","宁德市","古田","六一四路276号中央名城9号楼B101D","是","是","是","是","否","是","否","是","是","是","是","是","是","是","是","是","是","是","否","是","是","是","是","商圈 + 成熟社区 + CBD + 学校 + 医疗","external_poi","2026/8/27 12:00:18"
"106","327782","12725","coord_nn","93","永辉超市(爱琴海店)","重庆","重庆市","两江新区","金开大道1003号爱琴海购物公园B1","是","是","是","是","是","是","否","是","是","是","是","是","是","是","是","否","否","否","是","是","是","是","是","商圈 + 成熟社区 + CBD + 地铁 + 学校","external_poi","2026/8/27 12:00:18"
"107","327783","49628","city_name_addr","90","永辉超市(融侨店)","福建","福州市","鼓楼区","洪山镇融侨锦江福州鼓楼区洪山镇西江滨大道66号融侨锦江b区3号楼","是","是","是","是","是","是","否","是","是","是","是","是","是","是","是","是","否","是","是","是","是","是","是","商圈 + 成熟社区 + CBD + 地铁 + 学校","external_poi","2026/8/27 12:00:18"
"108","327784","22321","coord_nn","99","永辉超市(奉化万达店)","浙江","宁波市","奉化区","岳林街道中山东路299号万达广场宁波奉化店B1层","是","是","是","是","是","是","否","是","是","是","是","是","是","是","是","是","是","是","是","是","是","是","是","商圈 + 成熟社区 + CBD + 地铁 + 学校","external_poi","2026/8/27 12:00:18"
"109","327785","62387","coord_nn","91","永辉超市(万达广场店)","山西","太原市","杏花岭区","解放路北路175号万达广场B1","是","是","是","是","是","是","否","是","是","是","是","是","是","是","是","是","否","是","是","是","是","是","是","商圈 + 成熟社区 + CBD + 地铁 + 学校","external_poi","2026/8/27 12:00:18"
"110","327786","44100","coord_nn","99","永辉超市(南川万达广场店)","重庆","重庆市","南川区","西城街道渝南大道16号万达广场B1层","是","是","是","是","否","是","否","是","是","是","是","是","是","是","是","是","是","否","是","是","是","是","是","商圈 + 成熟社区 + CBD + 学校 + 医疗","external_poi","2026/8/27 12:00:18"
"111","327787","52394","coord_nn","85","永辉超市(加德天街店)","四川","广安市","广安区","中桥街道凌云东路578号加德天街B1","是","是","是","是","否","是","否","是","是","是","是","是","是","是","是","是","否","是","是","是","是","是","是","商圈 + 成熟社区 + CBD + 学校 + 医疗","external_poi","2026/8/27 12:00:18"
"112","327788","8167","coord_nn","99","永辉超市(罗湖金光华店)","广东","深圳市","罗湖区","南湖街道人民南路2028号金光华广场B2层018号","是","是","是","是","是","是","否","是","是","是","是","是","是","是","是","是","是","是","是","是","是","是","是","商圈 + 成熟社区 + CBD + 地铁 + 学校","external_poi","2026/8/27 12:00:18"
"113","327789","154197","coord_nn","88","永辉超市(万科印象城店)","内蒙古","包头市","青山区","清源路奥体印象城B1层1号","是","否","是","是","否","是","否","是","是","是","是","是","是","是","是","是","否","否","是","是","是","是","是","成熟社区 + CBD + 学校 + 医疗 + 高校","external_poi","2026/8/27 12:00:18"
"114","327790","64193","coord_nn","81","永辉超市(滨海万达广场店)","天津","天津市","滨海新区","自贸试验区(中心商务区)洞庭路4572号滨海万达广场B1-A号","是","是","是","是","是","是","否","是","是","是","是","是","是","是","是","是","否","否","是","是","是","是","是","商圈 + 成熟社区 + CBD + 地铁 + 学校","external_poi","2026/8/27 12:00:18"
"115","327791","220778","coord_nn","97","永辉超市(高新万达广场店)","陕西","西安市","雁塔区","唐延路49号万达广场(西安高新店)B1","是","是","是","是","是","是","否","是","是","是","是","是","是","是","是","否","否","是","否","是","是","是","是","商圈 + 成熟社区 + CBD + 地铁 + 学校","external_poi","2026/8/27 12:00:19"
"116","327792","193909","coord_nn","81","永辉超市(万达广场店)","四川","眉山市","东坡区","大石桥街道文忠街333号万达广场2F","是","是","是","是","是","是","否","是","是","是","是","是","是","是","是","否","是","否","是","是","是","是","是","商圈 + 成熟社区 + CBD + 地铁 + 学校","external_poi","2026/8/27 12:00:19"
"117","327793","78977","coord_nn","86","永辉超市(瑶海万达广场店)","安徽","合肥市","瑶海区","站西路宝文国际花园","是","否","是","是","是","是","否","是","是","是","是","是","是","是","是","否","是","是","是","是","是","是","是","成熟社区 + CBD + 地铁 + 学校 + 医疗","external_poi","2026/8/27 12:00:19"
"118","327794","126645","coord_nn","99","永辉超市(金地中心店)","云南","昆明市","西山区","坤盛路66号金地中心B1","是","是","是","是","是","是","否","是","是","是","是","是","是","是","是","是","是","是","是","是","是","是","是","商圈 + 成熟社区 + CBD + 地铁 + 学校","external_poi","2026/8/27 12:00:19"
"119","327795","169994","coord_nn","92","永辉超市(大唐天城店)","广西","南宁市","西乡塘区","北湖北路4号负1楼","是","是","是","是","是","是","否","是","是","是","是","是","是","是","是","是","是","否","是","是","弱","是","是","商圈 + 成熟社区 + CBD + 地铁 + 学校","external_poi","2026/8/27 12:00:19"
"120","327796","47787","coord_nn","99","永辉超市(仁悦天地店)","重庆","重庆市","九龙坡区","石杨路18号龙湖重庆星汇天街B1","是","是","是","是","是","是","否","是","是","是","是","是","是","是","是","否","是","否","是","是","是","是","是","商圈 + 成熟社区 + CBD + 地铁 + 学校","external_poi","2026/8/27 12:00:19"
"121","327797","119065","coord_nn","99","永辉超市(CBD 万达广场店)","四川","绵阳市","涪城区","经开区绵州大道199号绵阳CBD万达广场附一楼永辉超市入口处","是","是","是","是","否","是","否","是","是","是","是","是","是","是","是","是","否","否","是","是","是","是","是","商圈 + 成熟社区 + CBD + 学校 + 医疗","external_poi","2026/8/27 12:00:19"
"122","327798","217114","coord_nn","99","永辉超市(沈北华强城店)","辽宁","沈阳市","沈北新区","道义南大街8号沈北华强广场LivingMallF2","是","是","是","是","是","是","否","是","是","是","是","是","是","是","否","是","否","否","是","是","是","是","是","商圈 + 成熟社区 + CBD + 地铁 + 学校","external_poi","2026/8/27 12:00:19"
"123","327799","23432","coord_nn","70","永辉超市(吴江吾悦广场店)","江苏","苏州市","吴江区","开平路2188号吾悦广场(吴江店)B1","是","是","是","是","是","是","否","是","是","是","是","是","是","是","是","是","否","是","否","是","弱","是","是","商圈 + 成熟社区 + CBD + 地铁 + 学校","external_poi","2026/8/27 12:00:19"
"124","327800","119550","coord_nn","99","永辉超市(巢湖万达店)","安徽","合肥市","巢湖","凤凰山街道东塘路巢湖万达广场负一层(近1号门)","是","是","是","是","否","是","否","是","是","是","是","是","是","是","是","是","是","否","是","是","是","是","是","商圈 + 成熟社区 + CBD + 学校 + 医疗","external_poi","2026/8/27 12:00:19"
"125","327801","43058","name_fuzzy","40","永辉超市(丰科万达店)","北京","北京市","丰台区","丰科路6号院万达广场(丰科店)B1","是","是","是","是","是","是","否","是","是","是","是","是","是","是","是","是","否","是","是","是","是","是","是","商圈 + 成熟社区 + CBD + 地铁 + 学校","external_poi","2026/8/27 12:00:19"
"126","327802","130849","coord_nn","52","永辉超市(北辰东路店)","陕西","西安市","未央区","太华北路369号万达广场(大明宫店)B1","是","是","是","是","是","否","否","是","是","是","是","是","是","是","是","是","否","否","是","是","是","是","是","商圈 + 成熟社区 + CBD + 地铁 + 医疗","external_poi","2026/8/27 12:00:19"
"127","327803","173522","coord_nn","86","永辉超市(兴发广场店)","湖北","宜昌市","伍家岗区","中南路兴发广场负一楼","是","是","是","是","否","是","否","是","是","是","是","是","是","是","是","否","否","是","是","是","是","是","是","商圈 + 成熟社区 + CBD + 学校 + 医疗","external_poi","2026/8/27 12:00:19"
"128","327804","51868","coord_nn","92","永辉超市(晋江百捷上悦城)","福建","泉州市","晋江市","池店镇望江路百捷上悦城B1层","是","是","是","是","否","是","否","是","是","是","是","是","是","是","是","否","否","否","是","是","是","是","是","商圈 + 成熟社区 + CBD + 学校 + 医疗","external_poi","2026/8/27 12:00:19"
"129","327805","58732","coord_nn","81","永辉超市(浑南龙湖天街店)","辽宁","沈阳市","浑南区","沈中大街龙湖沈阳浑南天街B1","否","是","是","是","是","是","否","是","是","是","是","否","是","是","否","是","否","是","否","是","是","是","是","商圈 + 成熟社区 + CBD + 地铁 + 学校","external_poi","2026/8/27 12:00:20"
"130","327806","44484","coord_nn","99","永辉超市(霞浦太康店)","福建","宁德市","霞浦","长溪路8号九龙街商业广场B1层","是","是","是","是","否","是","否","是","是","是","是","是","是","是","是","是","是","是","是","是","是","是","是","商圈 + 成熟社区 + CBD + 学校 + 医疗","external_poi","2026/8/27 12:00:20"
"131","327807","84230","coord_nn","81","永辉超市(正上豪布斯卡店)","河南","郑州市","巩义市","滨河路49号正上豪布斯卡F1层","是","是","是","是","否","是","否","是","是","是","是","是","是","是","是","是","是","是","是","是","是","是","是","商圈 + 成熟社区 + CBD + 学校 + 医疗","external_poi","2026/8/27 12:00:20"
"132","327808","199272","coord_nn","99","永辉超市(光明大仟店)","广东","深圳市","光明区","马田街道合水口社区松白路4699号A座-132-135天汇城购物中心","是","是","是","是","是","是","否","是","是","是","是","是","是","是","是","否","是","是","是","是","是","是","是","商圈 + 成熟社区 + CBD + 地铁 + 学校","external_poi","2026/8/27 12:00:20"
"133","327809","16407","coord_nn","87","永辉超市(万达广场店)","四川","攀枝花市","东区","三线大道北段","是","是","是","是","否","是","否","是","是","是","是","是","是","是","是","是","否","否","是","是","是","是","是","商圈 + 成熟社区 + CBD + 学校 + 医疗","external_poi","2026/8/27 12:00:20"
"134","327810","79798","coord_nn","99","永辉超市(西湖万达广场店)","江西","南昌市","西湖区","云锦路368号南昌西湖万达广场1F","否","是","是","是","是","是","否","是","是","是","是","是","是","是","是","否","否","是","否","是","是","是","是","商圈 + 成熟社区 + CBD + 地铁 + 学校","external_poi","2026/8/27 12:00:20"
"135","327811","227292","coord_nn","78","永辉超市(南翔印象城店)","上海","上海市","嘉定区","南翔镇陈翔公路2299号地下一层B1-14","是","是","是","是","是","是","否","是","是","是","是","是","是","是","是","否","否","是","是","是","是","是","是","商圈 + 成熟社区 + CBD + 地铁 + 学校","external_poi","2026/8/27 12:00:20"
"136","327812","201642","coord_nn","99","永辉超市(水韵城店)","福建","莆田市","涵江区","涵东街道顶铺路66号水韵城天虹购物中心负一层","是","是","是","是","否","是","否","是","是","是","是","是","是","是","是","否","否","是","是","是","是","是","是","商圈 + 成熟社区 + CBD + 学校 + 医疗","external_poi","2026/8/27 12:00:20"
"137","327813","","unmatched","0","永辉超市(武清大光店)","天津","天津市","武清区","运河西街道杨村街泉州路西侧新光广场B101室","是","是","是","是","否","是","否","是","是","是","是","是","是","是","是","否","否","是","是","是","是","是","是","商圈 + 成熟社区 + CBD + 学校 + 医疗","external_poi","2026/8/27 12:00:20"
"138","327814","116828","coord_nn","59","永辉超市(大兴瀛海店)","北京","北京市","大兴区","枣园路28号院1号楼2层","是","是","是","是","是","是","否","是","是","是","是","是","是","是","是","是","否","否","是","是","是","是","是","商圈 + 成熟社区 + CBD + 地铁 + 学校","external_poi","2026/8/27 12:00:20"
"139","327815","13090","coord_nn","99","永辉超市(曲江龙湖天街店)","陕西","西安市","雁塔区","新开门北路888号龙湖星悦荟(曲江店)B1","是","是","是","是","是","是","否","是","是","是","是","是","是","是","是","是","否","是","是","是","是","是","是","商圈 + 成熟社区 + CBD + 地铁 + 学校","external_poi","2026/8/27 12:00:20"
"140","327816","192713","coord_nn","99","永辉超市(滨江大道店)","重庆","重庆市","云阳","腾龙大道27号三组团2楼","是","是","是","是","是","是","否","是","是","是","是","是","是","是","是","否","否","否","否","是","是","是","是","商圈 + 成熟社区 + CBD + 地铁 + 学校","external_poi","2026/8/27 12:00:20"
"141","327817","177940","coord_nn","99","永辉超市(常平店)","广东","东莞市","东莞","常平镇常平大道94号翔龙天地广场负2楼241室","是","是","是","是","否","是","否","是","是","是","是","是","是","是","是","否","否","是","是","是","是","是","是","商圈 + 成熟社区 + CBD + 学校 + 医疗","external_poi","2026/8/27 12:00:20"
"142","327818","46962","coord_nn","74","永辉超市(福安新华店)","福建","宁德市","福安市","新华北路26号盛世豪廷2号楼1层","是","是","是","是","否","是","否","是","是","是","是","是","是","是","是","是","是","是","是","是","是","是","是","商圈 + 成熟社区 + CBD + 学校 + 医疗","external_poi","2026/8/27 12:00:20"
"143","327819","83597","coord_nn","93","永辉超市(万科广场店)","安徽","合肥市","庐阳区","临泉路华润万象汇负一楼B139号","是","是","是","是","是","是","否","是","是","是","是","是","是","是","是","是","否","否","是","是","是","否","是","商圈 + 成熟社区 + CBD + 地铁 + 学校","external_poi","2026/8/27 12:00:20"
"144","327820","105891","coord_nn","99","永辉超市(桐乡新城吾悦店)","浙江","嘉兴市","桐乡","振兴东路439号桐乡新城吾悦广场B1","是","否","是","是","否","是","否","是","是","否","是","是","是","是","否","是","是","是","否","是","是","是","是","成熟社区 + CBD + 学校 + 医疗 + 高校","external_poi","2026/8/27 12:00:20"
"145","327821","199717","coord_nn","75","永辉超市(丰禾路万达广场店)","陕西","西安市","莲湖区","丰禾路251号丰禾万达广场负1层","是","是","是","是","是","是","否","是","是","是","是","是","是","是","否","是","否","否","是","是","是","是","是","商圈 + 成熟社区 + CBD + 地铁 + 学校","external_poi","2026/8/27 12:00:20"
"146","327822","157137","coord_nn","98","永辉超市(悦达889店)","江苏","盐城市","亭湖区","亭湖新区希望大道中路60号负一层","是","是","是","是","否","是","否","是","是","是","是","是","是","是","是","是","是","否","是","是","是","是","是","商圈 + 成熟社区 + CBD + 学校 + 医疗","external_poi","2026/8/27 12:00:21"
"147","327823","124968","coord_nn","99","永辉超市(万达广场店)","河南","鹤壁市","淇滨区","华夏南路万达广场2楼1号","是","是","是","是","否","是","否","是","是","是","是","是","是","是","否","是","否","是","是","是","是","是","是","商圈 + 成熟社区 + CBD + 学校 + 医疗","external_poi","2026/8/27 12:00:21"
"148","327824","178540","coord_nn","99","永辉超市(新川路店)","四川","成都市","双流区","祥龙三街228号恒瑞新川中心负一楼一号","是","是","是","是","是","是","否","是","是","是","是","是","是","是","是","否","否","否","是","是","是","是","是","商圈 + 成熟社区 + CBD + 地铁 + 学校","external_poi","2026/8/27 12:00:21"
"149","327825","207762","coord_nn","99","永辉超市(万达广场店)","山西","长治市","潞州区","长治经济技术开发区长兴北路222号万达广场负一层","是","是","是","是","否","是","否","是","是","是","是","是","是","是","是","是","否","否","是","是","弱","是","是","商圈 + 成熟社区 + CBD + 学校 + 医疗","external_poi","2026/8/27 12:00:21"
"150","327826","36235","coord_nn","99","永辉超市(笛扬路店)","浙江","绍兴市","柯桥区","笛扬路1531号聚银时代购物中心B1","是","是","是","是","是","是","否","是","是","是","是","是","是","是","是","是","是","是","否","是","是","是","是","商圈 + 成熟社区 + CBD + 地铁 + 学校","external_poi","2026/8/27 12:00:21"
"151","327827","","unmatched","0","永辉超市(福新店)","福建","福州市","晋安区","福新东路8号","是","是","是","是","是","是","否","是","是","是","是","是","是","是","是","否","否","否","是","是","是","是","是","商圈 + 成熟社区 + CBD + 地铁 + 学校","external_poi","2026/8/27 12:00:21"
"152","327828","209422","coord_nn","99","永辉超市(龙岗雅宝星河店)","广东","深圳市","龙岗区","坂田街道五和大道雅宝星河cocopark负一楼B1S-019号","是","是","是","是","是","是","否","是","是","是","是","是","是","是","是","是","否","是","是","是","是","是","是","商圈 + 成熟社区 + CBD + 地铁 + 学校","external_poi","2026/8/27 12:00:21"
"153","327829","20521","coord_nn","99","永辉超市(五缘湾湾悦城店)","福建","厦门市","湖里区","日圆二里1号建发湾悦城F1","是","是","是","是","是","是","否","是","是","是","是","是","是","是","是","否","是","是","是","是","是","是","是","商圈 + 成熟社区 + CBD + 地铁 + 学校","external_poi","2026/8/27 12:00:21"
"154","327830","11892","coord_nn","93","永辉超市(大兴旧宫店)","北京","北京市","大兴区","旧宫地区小红门路39号(近宣颐家园)","是","是","是","是","是","是","否","是","是","是","是","是","是","是","是","否","否","否","是","是","是","是","是","商圈 + 成熟社区 + CBD + 地铁 + 学校","external_poi","2026/8/27 12:00:21"
"155","327831","5416","coord_nn","99","永辉超市(黄山路大溪地店)","安徽","合肥市","蜀山区","黄山路588号大溪地国际商业广场百协大溪地91号楼B1层","是","是","是","是","是","是","否","是","是","是","是","是","是","否","是","是","否","否","是","是","是","是","是","商圈 + 成熟社区 + CBD + 地铁 + 学校","external_poi","2026/8/27 12:00:21"
"156","327832","210768","coord_nn","86","永辉超市(奥园城市天地店)","重庆","重庆市","南岸区","青龙路96号","否","否","否","否","否","否","否","否","否","否","否","否","否","否","否","否","否","否","否","否","否","否","否","定位失败，无法生成标签","external_poi","2026/8/27 12:00:21"
"157","327833","86883","coord_nn","99","永辉超市(万达广场)","河北","秦皇岛市","海港区","北环路街道燕山大街22号万达广场负一层","是","是","是","是","否","是","否","是","是","是","是","是","是","是","是","否","是","否","是","是","是","是","是","商圈 + 成熟社区 + CBD + 学校 + 医疗","external_poi","2026/8/27 12:00:21"
"158","327834","140926","coord_nn","99","永辉超市(公园南路店)","陕西","西安市","雁塔区","西影路与公园南路十字西北角金业缇香山B1层","是","是","是","是","是","是","否","是","是","是","是","是","是","是","是","是","否","是","是","是","弱","是","是","商圈 + 成熟社区 + CBD + 地铁 + 学校","external_poi","2026/8/27 12:00:21"
"159","327835","20110","coord_nn","99","永辉超市(城厢万达广场店)","福建","莆田市","城厢区","霞林街道荔华东大道8号万达广场B1","是","是","是","是","否","是","否","是","是","是","是","是","是","是","是","是","否","是","是","是","是","是","是","商圈 + 成熟社区 + CBD + 学校 + 医疗","external_poi","2026/8/27 12:00:21"
"160","327836","133209","coord_nn","95","永辉超市(北城龙湖天街店)","上海","上海市","宝山区","汇金路590号青浦宝龙广场B1","否","否","否","否","否","否","否","否","否","否","否","否","否","否","否","否","否","否","否","否","否","否","否","定位失败，无法生成标签","external_poi","2026/8/27 12:00:21"
"161","327837","27785","coord_nn","93","永辉超市(万达广场店)","湖北","随州市","曾都区","编钟大道86号随州万达广场B1","是","是","是","是","否","是","否","是","是","是","是","是","是","是","是","是","否","是","否","是","是","是","是","商圈 + 成熟社区 + CBD + 学校 + 医疗","external_poi","2026/8/27 12:00:21"
"162","327838","151142","coord_nn","99","永辉超市(梁平时代城店)","重庆","重庆市","梁平区","南纪门街道民权路58号合景聚融广场一层","否","否","否","否","否","否","否","否","否","否","否","否","否","否","否","否","否","否","否","否","否","否","否","定位失败，无法生成标签","external_poi","2026/8/27 12:00:21"
"163","327839","178005","coord_nn","96","永辉超市(萧山宝龙广场店)","浙江","杭州市","萧山区","建设一路200号宝龙广场(萧山店)F2","是","是","是","是","是","是","否","是","是","是","是","是","是","是","是","否","否","是","是","是","是","是","是","商圈 + 成熟社区 + CBD + 地铁 + 学校","external_poi","2026/8/27 12:00:22"
"164","327840","75274","coord_nn","69","永辉超市(锦江城市花园店)","四川","成都市","锦江区","锦江大道889号B1-01号","是","是","是","是","是","是","否","是","是","是","是","是","是","是","是","否","否","是","是","是","是","是","是","商圈 + 成熟社区 + CBD + 地铁 + 学校","external_poi","2026/8/27 12:00:22"
"165","327841","72088","coord_nn","99","永辉超市(五四店)","福建","三明市","永安","五四路豪门御景小区3号楼","是","是","是","是","否","是","否","是","是","是","是","是","是","是","是","是","是","是","是","是","是","是","是","商圈 + 成熟社区 + CBD + 学校 + 医疗","external_poi","2026/8/27 12:00:22"
"166","327842","111864","coord_nn","99","永辉超市(南桥龙湖天街店)","上海","上海市","奉贤区","江月路1800号二楼","否","否","否","否","否","否","否","否","否","否","否","否","否","否","否","否","否","否","否","否","否","否","否","定位失败，无法生成标签","external_poi","2026/8/27 12:00:22"
"167","327843","187699","coord_nn","99","永辉超市(鲁谷店)","北京","北京市","石景山区","八宝山街道鲁谷大街中润加油站旁","是","是","是","是","是","是","否","是","是","是","是","是","是","是","是","否","否","是","是","是","是","是","是","商圈 + 成熟社区 + CBD + 地铁 + 学校","external_poi","2026/8/27 12:00:22"
"168","327844","211202","coord_nn","99","永辉超市(小马店)","河北","石家庄市","裕华区","槐安东路153号(谈固东街)","是","是","是","是","是","是","否","是","是","是","是","是","是","是","是","是","是","是","是","是","是","是","是","商圈 + 成熟社区 + CBD + 地铁 + 学校","external_poi","2026/8/27 12:00:22"
"169","327845","52149","coord_nn","99","永辉超市(松江万达广场店)","上海","上海市","松江区","汇金路590号青浦宝龙广场B1","否","否","否","否","否","否","否","否","否","否","否","否","否","否","否","否","否","否","否","否","否","否","否","定位失败，无法生成标签","external_poi","2026/8/27 12:00:22"
"170","327846","16885","coord_nn","99","永辉超市(燕郊上上城店)","河北","廊坊市","三河","燕郊开发区学院大街北侧、规划路东侧福成福澜苑44号商贸楼地下一层","是","是","是","是","是","是","否","是","是","是","是","是","是","是","是","是","否","是","是","是","弱","是","是","商圈 + 成熟社区 + CBD + 地铁 + 学校","external_poi","2026/8/27 12:00:22"
"171","327847","","unmatched","0","永辉超市(爱情海购物广场店)","山东","泰安市","岱岳区","爱琴海购物公园北侧","是","是","是","是","否","是","否","是","是","是","是","是","是","是","是","是","否","是","否","是","是","是","是","商圈 + 成熟社区 + CBD + 学校 + 医疗","external_poi","2026/8/27 12:00:22"
"172","327848","213361","coord_nn","98","永辉超市(河西龙湖天街店)","江苏","南京市","建邺区","沙洲街道云龙山路89号(河西天街)负一层B1F-Z01号","是","是","是","是","是","是","否","是","是","是","是","是","是","是","是","是","否","否","是","是","是","否","是","商圈 + 成熟社区 + CBD + 地铁 + 学校","external_poi","2026/8/27 12:00:22"
"173","327849","170517","coord_nn","91","永辉超市(摩尔天成店)","四川","广元市","利州区","利州西路125号摩尔天成","是","是","是","是","否","是","否","是","是","是","是","是","是","是","是","是","是","是","是","是","是","是","是","商圈 + 成熟社区 + CBD + 学校 + 医疗","external_poi","2026/8/27 12:00:23"
"174","327850","18349","coord_nn","92","永辉超市(浦西万达广场店)","福建","泉州市","丰泽区","宝洲路679号万达广场B1","是","是","是","是","否","是","否","是","是","是","是","是","是","是","是","是","是","否","是","是","是","是","是","商圈 + 成熟社区 + CBD + 学校 + 医疗","external_poi","2026/8/27 12:00:23"
"175","327851","74696","city_name_relaxed","92","永辉超市(瑞安吾悦广场店)","浙江","温州市","瑞安市","安阳街道瑞祥大道1158号B1层","是","是","是","是","是","是","否","是","是","是","是","是","是","是","是","是","是","是","否","是","是","是","是","商圈 + 成熟社区 + CBD + 地铁 + 学校","external_poi","2026/8/27 12:00:23"
"176","327852","141095","coord_nn","99","永辉超市(西长安街店)","陕西","西安市","长安区","韦曲街道西长安街GOGO街区负一层","否","是","是","是","是","是","否","是","是","是","是","是","是","是","是","是","否","是","否","是","是","是","是","商圈 + 成熟社区 + CBD + 地铁 + 学校","external_poi","2026/8/27 12:00:23"
"177","327853","30030","coord_nn","88","永辉超市(沈丘新田360广场店)","河南","周口市","沈丘县","建设路快乐小镇·欢乐城楼负1楼","是","是","是","是","否","是","否","是","是","是","是","是","是","是","是","否","否","是","是","是","是","是","是","商圈 + 成熟社区 + CBD + 学校 + 医疗","external_poi","2026/8/27 12:00:23"
"178","327854","85929","coord_nn","97","永辉超市(金汇龙湖天街店)","上海","上海市","奉贤区","南行港路龙湖·上海金汇天街","否","是","是","否","否","是","否","是","是","是","是","是","是","是","是","是","否","否","是","是","是","是","是","商圈 + 成熟社区 + 学校 + 高校 + 产业园","external_poi","2026/8/27 12:00:23"
"179","327855","188754","coord_nn","99","永辉超市(吾悦广场店)","河北","唐山市","路北区","果园镇学院北路700号龙翔里吾悦广场1号楼Z01号","是","是","是","是","否","是","否","是","是","是","是","是","是","是","是","是","否","否","是","是","弱","是","是","商圈 + 成熟社区 + CBD + 学校 + 医疗","external_poi","2026/8/27 12:00:23"
"180","327856","33405","coord_nn","98","永辉超市(新城市广场店)","四川","成都市","青羊区","西大街1号负1层","是","是","是","是","是","是","否","是","是","是","是","是","是","是","是","是","否","是","是","是","是","是","是","商圈 + 成熟社区 + CBD + 地铁 + 学校","external_poi","2026/8/27 12:00:23"
"181","327857","19574","coord_nn","99","永辉超市(舒城万达广场店)","安徽","六安市","舒城","城关镇桃溪中路舒城万达广场负一楼","是","是","是","是","否","是","否","是","是","是","是","是","是","是","是","是","否","是","是","是","是","是","是","商圈 + 成熟社区 + CBD + 学校 + 医疗","external_poi","2026/8/27 12:00:23"
"182","327858","98958","coord_nn","91","永辉超市(合川宝龙广场店)","重庆","重庆市","合川区","腾龙大道27号三组团2楼","否","否","否","否","否","否","否","否","否","否","否","否","否","否","否","否","否","否","否","否","否","否","否","定位失败，无法生成标签","external_poi","2026/8/27 12:00:23"
"183","327859","86722","coord_nn","99","永辉超市(长寿桃源大道店)","重庆","重庆市","长寿区","南纪门街道民权路58号合景聚融广场一层","否","否","否","否","否","否","否","否","否","否","否","否","否","否","否","否","否","否","否","否","否","否","否","定位失败，无法生成标签","external_poi","2026/8/27 12:00:24"
"184","327860","146014","city_name_relaxed","92","永辉超市(海安星湖店)","江苏","南通市","海安市","黄海东路29号星湖001商业广场F2","否","是","是","是","否","是","否","是","是","是","是","是","是","是","是","否","是","是","是","是","是","是","是","商圈 + 成熟社区 + CBD + 学校 + 产业园","external_poi","2026/8/27 12:00:24"
"185","327861","5769","coord_nn","99","永辉超市(浦城兴华路店)","福建","南平市","浦城","南浦街道兴华路888号永晖商业中心内","是","是","是","是","否","是","否","是","是","是","是","是","是","是","是","否","是","是","是","是","是","是","是","商圈 + 成熟社区 + CBD + 学校 + 医疗","external_poi","2026/8/27 12:00:24"
"186","327862","226868","coord_nn","96","永辉超市(滨江美博广场店)","浙江","杭州市","滨江区","市心南路1216号萧山开元广场B1","否","否","否","否","否","否","否","否","否","否","否","否","否","否","否","否","否","否","否","否","否","否","否","定位失败，无法生成标签","external_poi","2026/8/27 12:00:24"
"187","327863","127226","coord_nn","88","永辉超市(萧山开元广场店)","浙江","杭州市","萧山区","市心南路1216号萧山开元广场B1","是","是","是","是","是","是","否","是","是","是","是","是","是","是","是","否","否","否","否","是","是","否","是","商圈 + 成熟社区 + CBD + 地铁 + 学校","external_poi","2026/8/27 12:00:24"
"188","327864","59255","coord_nn","99","永辉超市(禹悦汇店)","福建","泉州市","惠安","世纪大道禹洲商业广场","是","是","是","是","否","是","否","是","是","是","是","是","是","是","是","否","是","否","是","是","是","是","是","商圈 + 成熟社区 + CBD + 学校 + 医疗","external_poi","2026/8/27 12:00:24"
"189","327865","33367","coord_nn","99","永辉超市(大坪店)","重庆","重庆市","渝中区","大坪正街88号莲花国际首层","是","是","是","是","是","是","否","是","是","是","是","是","是","是","是","是","是","是","是","是","弱","是","是","商圈 + 成熟社区 + CBD + 地铁 + 学校","external_poi","2026/8/27 12:00:24"
"190","327866","269","coord_nn","99","永辉超市(吾悦广场店)","湖北","荆州市","沙市区","荆沙大道辅路荆州吾悦广场F1","是","是","是","是","否","是","否","是","是","是","是","是","是","是","是","否","是","否","否","是","弱","是","是","商圈 + 成熟社区 + CBD + 学校 + 医疗","external_poi","2026/8/27 12:00:24"
"191","327867","72149","coord_nn","99","永辉超市(海滨城购物中心店)","四川","成都市","双流区","蛟龙大道21号海滨城购物中心B1","是","是","是","是","是","是","否","是","是","是","是","是","是","是","是","是","否","是","是","是","是","是","是","商圈 + 成熟社区 + CBD + 地铁 + 学校","external_poi","2026/8/27 12:00:24"
"192","327868","84410","coord_nn","99","永辉超市(四公里店)","重庆","重庆市","南岸区","青龙路96号","是","是","是","是","是","是","否","是","是","是","是","是","是","是","是","是","否","否","是","是","是","否","是","商圈 + 成熟社区 + CBD + 地铁 + 学校","external_poi","2026/8/27 12:00:24"
"193","327869","222640","coord_nn","99","永辉超市(高铁吾悦广场店)","江苏","苏州市","相城区","相城大道3188号苏州高铁吾悦广场B1","否","是","是","是","是","是","否","是","是","是","是","是","是","是","是","是","否","否","是","是","是","是","是","商圈 + 成熟社区 + CBD + 地铁 + 学校","external_poi","2026/8/27 12:00:24"
"194","327870","64153","coord_nn","84","永辉超市(吾悦广场店)","陕西","汉中市","汉台区","西新街汉中吾悦广场负1层","是","是","是","是","否","是","否","是","是","是","是","是","是","是","是","否","否","否","是","是","是","是","是","商圈 + 成熟社区 + CBD + 学校 + 医疗","external_poi","2026/8/27 12:00:24"
"195","327871","173848","coord_nn","99","永辉超市(吾悦广场店)","安徽","淮南市","田家庵区","山南印象D区山南印象D区","否","否","否","否","否","否","否","否","否","否","否","否","否","否","否","否","否","否","否","否","否","否","否","定位失败，无法生成标签","external_poi","2026/8/27 12:00:24"
"196","327872","206307","coord_nn","99","永辉超市(闽侯昙石山店)","福建","福州市","闽侯","昙石山西大道永辉广场","是","是","是","是","否","是","否","是","是","是","是","是","是","是","是","否","否","是","是","是","是","是","是","商圈 + 成熟社区 + CBD + 学校 + 医疗","external_poi","2026/8/27 12:00:24"
"197","327873","202435","coord_nn","72","永辉超市(华府八佰伴店)","浙江","嘉兴市","南湖区","城南路与由拳路交叉路口东南170米","是","是","是","是","否","是","否","是","是","是","是","是","是","是","是","是","否","否","是","是","是","否","是","商圈 + 成熟社区 + CBD + 学校 + 医疗","external_poi","2026/8/27 12:00:24"
"198","327874","220004","coord_nn","92","永辉超市(大兴康庄店)","北京","北京市","大兴区","枣园路28号院1号楼2层","是","是","是","是","是","是","否","是","是","是","是","是","是","是","是","是","否","否","是","是","是","是","是","商圈 + 成熟社区 + CBD + 地铁 + 学校","external_poi","2026/8/27 12:00:24"
"199","327875","37672","coord_nn","92","永辉超市(惠山万达广场店)","江苏","无锡市","惠山区","安镇街道兴吴路2号","是","是","是","是","是","是","否","是","是","是","是","是","是","是","是","是","否","否","是","是","是","是","是","商圈 + 成熟社区 + CBD + 地铁 + 学校","external_poi","2026/8/27 12:00:25"
"200","327876","","unmatched","0","永辉超市(杏林万科里店)","福建","厦门市","集美区","灌口镇石笔路6号万达广场B1","是","是","是","是","是","是","否","是","是","是","是","是","是","是","是","是","否","否","是","是","是","是","是","商圈 + 成熟社区 + CBD + 地铁 + 学校","external_poi","2026/8/27 12:00:25"
"201","327877","159643","coord_nn","99","永辉超市(万达广场店)","四川","内江市","东兴区","汉安大道西段988号内江万达广场负1层","是","是","是","是","否","是","否","是","是","是","是","是","是","是","是","否","是","是","是","是","是","是","是","商圈 + 成熟社区 + CBD + 学校 + 医疗","external_poi","2026/8/27 12:00:25"
"202","327878","98963","coord_nn","99","永辉超市(邵武恒华店)","福建","南平市","邵武","城南大道恒华财富天下1楼","是","是","是","是","否","是","否","是","是","是","是","是","是","是","是","是","是","是","是","是","是","是","是","商圈 + 成熟社区 + CBD + 学校 + 医疗","external_poi","2026/8/27 12:00:25"
"203","327879","125582","coord_nn","97","永辉超市(民心广场店)","河北","石家庄市","桥西区","裕华路民心广场地下1层","是","是","是","是","是","是","否","是","是","是","是","是","是","是","是","否","是","是","是","是","是","是","是","商圈 + 成熟社区 + CBD + 地铁 + 学校","external_poi","2026/8/27 12:00:25"
"204","327880","70497","coord_nn","97","永辉超市(嘉乐道店)","广东","深圳市","南山区","粤海街道海珠社区文心六路4号保利文化广场乐福里B1-05","是","是","是","是","是","是","否","是","是","是","是","是","是","是","是","是","否","是","是","是","是","是","是","商圈 + 成熟社区 + CBD + 地铁 + 学校","external_poi","2026/8/27 12:00:25"
"205","327881","121847","coord_nn","95","永辉超市(丽影广场店)","广东","广州市","海珠区","新港中路丽影广场","是","是","是","是","是","是","否","是","是","是","是","是","是","是","是","是","否","是","是","是","是","是","是","商圈 + 成熟社区 + CBD + 地铁 + 学校","external_poi","2026/8/27 12:00:25"
"206","327882","40131","coord_nn","95","永辉超市(綦江万达广场店)","重庆","重庆市","綦江区","长石东路重庆綦江万达广场F2","是","是","是","是","否","是","否","是","是","是","是","是","是","是","是","是","是","是","是","是","是","是","是","商圈 + 成熟社区 + CBD + 学校 + 医疗","external_poi","2026/8/27 12:00:25"
"207","327883","117413","coord_nn","99","永辉超市(较场口店)","重庆","重庆市","渝中区","南纪门街道民权路58号合景聚融广场一层","是","是","是","是","是","是","否","是","是","是","是","是","是","是","是","是","否","是","是","是","是","是","是","商圈 + 成熟社区 + CBD + 地铁 + 学校","external_poi","2026/8/27 12:00:25"
"208","327884","196486","coord_nn","99","永辉超市(万达广场店)","四川","广元市","利州区","万缘路广元利州万达广场B1","是","是","是","是","否","是","否","是","是","是","是","是","是","是","是","是","否","是","是","是","弱","是","是","商圈 + 成熟社区 + CBD + 学校 + 医疗","external_poi","2026/8/27 12:00:25"
"209","327885","","unmatched","0","永辉超市(城关万达广场店)","西藏","拉萨市","城关区","纳金街道纳金东路56号(南)万达广场B1-B1-A(近2号门)","是","是","是","是","否","是","否","是","是","是","是","是","是","是","是","是","否","否","否","是","是","是","是","商圈 + 成熟社区 + CBD + 学校 + 医疗","external_poi","2026/8/27 12:00:25"
"210","327886","208823","coord_nn","99","永辉超市(龙泉万达广场店)","四川","成都市","龙泉驿区","西大街1号负1层","是","是","是","是","是","是","否","是","是","是","是","是","是","是","是","是","否","是","是","是","是","是","是","商圈 + 成熟社区 + CBD + 地铁 + 学校","external_poi","2026/8/27 12:00:25"
"211","327887","56733","coord_nn","99","永辉超市(嘉善银泰城店)","浙江","嘉兴市","嘉善","罗星街道嘉善大道399号负一层B-101","是","是","是","是","否","是","否","是","是","是","是","是","是","是","是","是","是","否","是","是","是","是","是","商圈 + 成熟社区 + CBD + 学校 + 医疗","external_poi","2026/8/27 12:00:25"
"212","327888","76567","coord_nn","89","永辉超市(万达广场店)","浙江","温州市","平阳县","鳌江镇车站大道88号万达广场(平阳店)B1","是","是","是","是","否","是","否","是","是","是","是","是","是","是","是","否","否","否","否","是","是","是","是","商圈 + 成熟社区 + CBD + 学校 + 医疗","external_poi","2026/8/27 12:00:26"
"213","327889","47276","coord_nn","99","永辉超市(吾悦广场店)","湖北","孝感市","孝南区","乾坤大道133号","是","是","是","是","否","是","否","是","是","是","是","是","是","是","是","否","是","是","是","是","是","是","是","商圈 + 成熟社区 + CBD + 学校 + 医疗","external_poi","2026/8/27 12:00:26"
"214","327890","77727","coord_nn","99","永辉超市(嘉南路店)","四川","南充市","嘉陵区","南湖街道嘉南路三段1号金宇盛世天城B1层","是","是","是","是","否","是","否","是","是","是","是","是","是","是","是","是","是","是","否","是","是","是","是","商圈 + 成熟社区 + CBD + 学校 + 医疗","external_poi","2026/8/27 12:00:26"
"215","327891","213852","coord_nn","99","永辉超市(龙湖北城天街店)","四川","成都市","金牛区","光华大道一段光华北三路55号鹏瑞利青羊广场B1","是","是","是","是","是","是","否","是","是","是","是","是","是","是","是","否","否","是","是","是","是","是","是","商圈 + 成熟社区 + CBD + 地铁 + 学校","external_poi","2026/8/27 12:00:26"
"216","327892","160049","coord_nn","57","永辉超市(国色天乡店)","四川","成都市","温江区","万春镇江宁南路447号国色天乡商业街购物中心1层","是","是","是","是","是","是","否","是","是","否","是","是","是","是","是","否","否","是","否","是","弱","否","是","商圈 + 成熟社区 + CBD + 地铁 + 学校","external_poi","2026/8/27 12:00:26"
"217","327893","107568","coord_nn","95","永辉超市(南沙星河COCOpark店)","广东","广州市","南沙区","双山大道3号万达广场(广州南沙店)B1","是","是","是","是","是","是","否","是","是","是","是","是","是","是","是","否","是","是","是","是","是","是","是","商圈 + 成熟社区 + CBD + 地铁 + 学校","external_poi","2026/8/27 12:00:26"
"218","327894","106617","coord_nn","99","永辉超市(瀚海北金店)","河南","郑州市","金水区","北三环瀚海·北金商业中心B1层","是","是","是","是","是","是","否","是","是","是","是","是","是","是","是","是","否","是","否","是","是","是","是","商圈 + 成熟社区 + CBD + 地铁 + 学校","external_poi","2026/8/27 12:00:26"
"219","327895","1397","coord_nn","94","永辉超市(肥东吾悦广场店)","安徽","合肥市","肥东县","站西路宝文国际花园","是","否","是","是","是","是","否","是","是","是","是","是","是","是","是","否","是","是","是","是","是","是","是","成熟社区 + CBD + 地铁 + 学校 + 医疗","external_poi","2026/8/27 12:00:26"
"220","327896","","unmatched","0","永辉超市(华林路店)","福建","福州市","晋安区","茶园街道华林路245号罗马假日花园1号楼","是","是","是","是","是","是","否","是","是","是","是","是","是","是","是","是","否","否","是","是","是","是","是","商圈 + 成熟社区 + CBD + 地铁 + 学校","external_poi","2026/8/27 12:00:26"
"221","327897","21832","coord_nn","95","永辉超市(奥体龙湖天街店)","山东","济南市","历下区","奥体西路3699号龙湖济南奥体天街B1","是","是","是","是","是","是","否","是","是","是","是","是","是","是","是","是","否","否","是","是","是","是","是","商圈 + 成熟社区 + CBD + 地铁 + 学校","external_poi","2026/8/27 12:00:26"
"222","327898","181138","coord_nn","99","永辉超市(越秀中华广场店)","广东","广州市","越秀区","中山三路33号中华广场F3","是","是","是","是","是","是","否","是","是","是","是","是","是","是","是","是","否","是","是","是","是","是","是","商圈 + 成熟社区 + CBD + 地铁 + 学校","external_poi","2026/8/27 12:00:26"
"223","327899","3828","coord_nn","91","永辉超市(仙游三凌广场店)","福建","莆田市","仙游县","鲤南镇柳安街1888号三凌广场F1","是","是","是","是","否","是","否","是","是","是","是","是","是","是","是","是","否","是","是","是","是","是","是","商圈 + 成熟社区 + CBD + 学校 + 医疗","external_poi","2026/8/27 12:00:26"
"224","327900","73957","name_fuzzy","40","永辉超市(西昌万达店)","四川","凉山彝族自治州","西昌市","东城街道航天大道东延线乐荟城南侧","是","是","是","是","否","是","否","是","是","是","是","是","是","是","是","否","是","是","是","是","是","是","是","商圈 + 成熟社区 + CBD + 学校 + 医疗","external_poi","2026/8/27 12:00:26"
"225","327901","217055","coord_nn","99","永辉超市(槐房万达店)","北京","北京市","丰台区","靛厂路11号千禧购物中心F2","是","是","是","是","是","是","否","是","是","是","是","是","是","是","是","否","是","否","是","是","是","是","是","商圈 + 成熟社区 + CBD + 地铁 + 学校","external_poi","2026/8/27 12:00:26"
"226","327902","97539","coord_nn","96","永辉超市(南岸风临路店)","重庆","重庆市","南岸区","青龙路96号","是","是","是","是","是","是","否","是","是","是","是","是","是","是","是","是","否","否","是","是","是","是","是","商圈 + 成熟社区 + CBD + 地铁 + 学校","external_poi","2026/8/27 12:00:26"
"227","327903","5745","coord_nn","86","永辉超市(保利广场店)","安徽","合肥市","瑶海区","青山河路合肥保利广场B1","是","是","是","是","是","是","否","是","是","是","是","是","是","是","是","否","否","是","否","是","是","是","是","商圈 + 成熟社区 + CBD + 地铁 + 学校","external_poi","2026/8/27 12:00:27"
"228","327904","","unmatched","0","永辉超市(武侯吾悦店)","四川","成都市","武侯区","益州大道1999号银泰城购物中心B1","否","是","是","是","是","是","否","是","是","是","是","是","是","是","是","否","否","是","是","是","是","是","是","商圈 + 成熟社区 + CBD + 地铁 + 学校","external_poi","2026/8/27 12:00:27"
"229","327905","48876","coord_nn","89","永辉超市(建瓯江滨国际广场店)","福建","南平市","建瓯","江滨国际广场负1楼","是","是","是","是","否","是","否","是","是","是","是","是","是","是","是","是","否","是","是","是","是","是","是","商圈 + 成熟社区 + CBD + 学校 + 医疗","external_poi","2026/8/27 12:00:27"
"230","327906","150949","coord_nn","99","永辉超市(成华青龙店)","四川","成都市","成华区","青龙街道龙绵街1666号青龙广场负1层","是","是","是","是","是","是","否","是","是","是","是","是","是","是","是","否","否","是","是","是","是","是","是","商圈 + 成熟社区 + CBD + 地铁 + 学校","external_poi","2026/8/27 12:00:27"
"231","327907","17829","coord_nn","94","永辉超市(临平银泰城店)","浙江","杭州市","临平区","南苑街道世纪大道西128号临平银泰城负一楼B104商铺","是","是","是","是","是","是","否","是","是","是","是","是","是","是","是","是","否","是","是","是","是","是","是","商圈 + 成熟社区 + CBD + 地铁 + 学校","external_poi","2026/8/27 12:00:27"
"232","327908","","unmatched","0","永辉超市(衢州柯城吾悦店)","浙江","衢州市","柯城区","第吾大道3-217号衢州吾悦广场B1","是","是","是","是","否","是","否","是","是","是","是","是","是","是","是","是","否","是","是","是","是","是","是","商圈 + 成熟社区 + CBD + 学校 + 医疗","external_poi","2026/8/27 12:00:27"
"233","327909","73600","coord_nn","97","永辉超市(荔湾领展购物广场店)","广东","广州市","荔湾区","黄沙大道8号西城都荟2层212号","是","是","是","是","是","是","否","是","是","是","是","是","是","是","是","否","否","是","是","是","是","是","是","商圈 + 成熟社区 + CBD + 地铁 + 学校","external_poi","2026/8/27 12:00:27"
"234","327910","32480","coord_nn","82","永辉超市(周宁云山名城店)","福建","宁德市","周宁县","狮城镇桥南街199号尚品云山名城20号楼商场01、02、03、04、05","是","是","是","是","否","是","否","是","是","是","是","是","是","是","否","否","否","否","否","是","是","否","否","商圈 + 成熟社区 + CBD + 学校 + 医疗","external_poi","2026/8/27 12:00:27"
"235","327911","91962","coord_nn","86","永辉超市(渝北水木天地店)","重庆","重庆市","两江新区","双湖路1号水木天地都会广场B1层","否","否","否","否","否","否","否","否","否","否","否","否","否","否","否","否","否","否","否","否","否","否","否","周边搜索失败，无法生成标签","external_poi","2026/8/27 12:00:27"
"236","327912","127451","coord_nn","89","永辉超市(华商国际城店)","四川","自贡市","自流井区","华商北路161号负一楼1001号","否","否","否","否","否","否","否","否","否","否","否","否","否","否","否","否","否","否","否","否","否","否","否","周边搜索失败，无法生成标签","external_poi","2026/8/27 12:00:27"
"237","327913","41092","coord_nn","81","永辉超市(郫都蜀都万达店)","四川","成都市","郫都区","兴园三路融信时代广场B1层","否","否","否","否","否","否","否","否","否","否","否","否","否","否","否","否","否","否","否","否","否","否","否","周边搜索失败，无法生成标签","external_poi","2026/8/27 12:00:27"
"238","327914","73185","coord_nn","97","永辉超市(万达店)","江苏","宿迁市","宿豫区","项王东路8号万达广场宿迁宿豫店B1层","否","否","否","否","否","否","否","否","否","否","否","否","否","否","否","否","否","否","否","否","否","否","否","周边搜索失败，无法生成标签","external_poi","2026/8/27 12:00:27"
"239","327915","88012","coord_nn","99","永辉超市(天河天娱广场店)","广东","广州市","天河区","天河路228号负一层","否","否","否","否","否","否","否","否","否","否","否","否","否","否","否","否","否","否","否","否","否","否","否","周边搜索失败，无法生成标签","external_poi","2026/8/27 12:00:27"
"240","327916","164737","coord_nn","88","永辉超市(银泰城店)","浙江","绍兴市","越城区","解放南路777号银泰城(金帝店)B1-BF001","否","否","否","否","否","否","否","否","否","否","否","否","否","否","否","否","否","否","否","否","否","否","否","周边搜索失败，无法生成标签","external_poi","2026/8/27 12:00:27"
"241","327917","167564","coord_nn","99","永辉超市(清镇吾悦店)","贵州","贵阳市","清镇","青龙山街道百马大道新城吾悦广场负1层Z01号","否","否","否","否","否","否","否","否","否","否","否","否","否","否","否","否","否","否","否","否","否","否","否","周边搜索失败，无法生成标签","external_poi","2026/8/27 12:00:27"
"242","327918","184487","coord_nn","99","永辉超市(吾悦店)","湖北","随州市","曾都区","北郊街道交通大道吾悦广场B1Z01店铺","否","否","否","否","否","否","否","否","否","否","否","否","否","否","否","否","否","否","否","否","否","否","否","周边搜索失败，无法生成标签","external_poi","2026/8/27 12:00:27"
"243","327919","94323","coord_nn","99","永辉超市(吾悦店)","陕西","渭南市","临渭区","杜桥街道仓程路吾悦广场B1层","否","否","否","否","否","否","否","否","否","否","否","否","否","否","否","否","否","否","否","否","否","否","否","周边搜索失败，无法生成标签","external_poi","2026/8/27 12:00:27"
"244","327920","81608","coord_nn","99","永辉超市(开州新天地店)","重庆","重庆市","开州","汉丰街道开州大道中段新天地广场B1层","否","否","否","否","否","否","否","否","否","否","否","否","否","否","否","否","否","否","否","否","否","否","否","周边搜索失败，无法生成标签","external_poi","2026/8/27 12:00:27"
"245","327921","83008","coord_nn","99","永辉超市(昌平温都水城店)","北京","北京市","昌平区","北七家镇宏福苑水城广场负一层123号","否","否","否","否","否","否","否","否","否","否","否","否","否","否","否","否","否","否","否","否","否","否","否","周边搜索失败，无法生成标签","external_poi","2026/8/27 12:00:27"
"246","327922","42697","coord_nn","92","永辉超市(望府广场多彩城店)","山西","太原市","杏花岭区","杨家峪街道红沟北路28号多彩城负一层","否","否","否","否","否","否","否","否","否","否","否","否","否","否","否","否","否","否","否","否","否","否","否","周边搜索失败，无法生成标签","external_poi","2026/8/27 12:00:28"
"247","327923","44186","city_name_relaxed","92","永辉超市(太平洋广场店)","江西","新余市","分宜县","城北街道北湖西路148号太平洋购物中心负一楼","否","否","否","否","否","否","否","否","否","否","否","否","否","否","否","否","否","否","否","否","否","否","否","周边搜索失败，无法生成标签","external_poi","2026/8/27 12:00:28"
"248","327924","194712","coord_nn","99","永辉超市(西铁营万达店)","北京","北京市","丰台区","靛厂路11号千禧购物中心F2","否","否","否","否","否","否","否","否","否","否","否","否","否","否","否","否","否","否","否","否","否","否","否","周边搜索失败，无法生成标签","external_poi","2026/8/27 12:00:28"
"249","327925","79338","coord_nn","91","永辉超市(丰都久桓大道店)","重庆","重庆市","丰都县","久桓大道229号久桓时代广场1层","否","否","否","否","否","否","否","否","否","否","否","否","否","否","否","否","否","否","否","否","否","否","否","周边搜索失败，无法生成标签","external_poi","2026/8/27 12:00:28"
"250","327926","197687","coord_nn","99","永辉超市(什邡天耀中心店)","四川","德阳市","什邡","蓥华山路北段153号天耀中心1层","是","是","是","是","否","是","否","是","是","是","是","是","是","是","是","是","是","是","是","是","是","是","是","周边商圈、成熟社区、写字楼、交通枢纽、教育等资源高度聚集，综合生活氛围浓厚","external_poi","2026/8/27 12:00:28"
"251","327927","188213","coord_nn","99","永辉超市(熙悦汇店)","天津","天津市","南开区","黄河道513号熙悦汇购物中心B1","是","是","是","是","是","是","否","是","是","是","是","是","是","是","是","是","否","否","是","是","弱","是","是","周边商圈、成熟社区、写字楼、交通枢纽、教育等资源高度聚集，综合生活氛围浓厚","external_poi","2026/8/27 12:00:28"
"252","327928","","unmatched","0","永辉超市(柳梧万达店)","西藏","拉萨市","堆龙德庆区","南环路柳梧万达广场2层","否","是","是","是","否","是","否","是","是","是","是","是","是","是","是","是","否","是","是","是","是","是","是","周边商圈、成熟社区、写字楼、教育、旅游/景观等资源高度聚集，综合生活氛围浓厚","external_poi","2026/8/27 12:00:28"
"253","327929","","unmatched","0","永辉超市(五华吾悦店)","云南","昆明市","五华区","筇王路与沙河路交汇处新城吾悦广场负一层","成功","是","是","是","是","是","是","否","是","是","是","是","是","是","是","是","是","是","是","是","是","是","是","是","external_poi","2026/8/27 12:00:28"
"254","327930","122840","coord_nn","93","永辉超市(万达店)","湖北","咸宁市","咸安区","十六潭路西段与顾家三巷交叉口正东方向82米左右","是","是","是","是","否","是","否","是","是","是","是","是","是","是","是","是","否","否","是","是","是","是","是","周边商圈、成熟社区、写字楼、教育、滨水景观等资源高度聚集，综合生活氛围浓厚","external_poi","2026/8/27 12:00:28"
"255","327931","150692","coord_nn","99","永辉超市(安岳中央时代店)","四川","资阳市","安岳","地点ID（POI ID）：2860977357267160880","是","是","是","是","否","是","否","是","是","是","是","是","是","是","是","否","否","是","否","是","是","是","是","周边商圈、成熟社区、写字楼、教育、旅游/景观等资源高度聚集，综合生活氛围浓厚","external_poi","2026/8/27 12:00:28"
"256","327932","51848","coord_nn","99","永辉超市(武胜融恒时代广场店)","四川","广安市","武胜","沿口镇兴武大道399号融恒时代广场负1层","是","是","是","是","否","是","否","是","是","是","是","是","是","是","是","否","是","是","是","是","是","是","是","周边商圈、成熟社区、写字楼、交通枢纽、教育等资源高度聚集，综合生活氛围浓厚","external_poi","2026/8/27 12:00:28"
"257","327933","80418","name_fuzzy","40","永辉超市(闽侯大学城店)","福建","福州市","闽侯县","国宾大道268号永辉城市生活广场16号楼永辉商业中心负1楼","是","是","是","是","是","是","否","是","是","是","是","是","是","是","是","是","否","否","是","是","是","是","是","周边商圈、成熟社区、写字楼、交通枢纽、教育等资源高度聚集，综合生活氛围浓厚","external_poi","2026/8/27 12:00:28"
"258","327934","117168","coord_nn","89","永辉超市(万州国贸店)","重庆","重庆市","万州区","青龙路96号","是","是","是","是","是","是","否","是","是","是","是","是","是","是","是","是","否","否","是","是","是","是","是","周边商圈、成熟社区、写字楼、交通枢纽、教育等资源高度聚集，综合生活氛围浓厚","external_poi","2026/8/27 12:00:28"
"259","327935","37491","coord_nn","99","永辉超市(涪陵宝龙店)","重庆","重庆市","涪陵区","崇义街道百花路88号宝龙广场LG层","是","是","是","是","否","是","否","是","是","是","是","是","是","是","是","否","否","是","是","是","是","是","是","周边商圈、成熟社区、写字楼、教育、旅游/景观等资源高度聚集，综合生活氛围浓厚","external_poi","2026/8/27 12:00:28"
"260","327936","85882","coord_nn","99","永辉超市(沙坪坝春华秋实店)","重庆","重庆市","沙坪坝区","中渝·春华秋实三期1号门东150米","否","是","是","是","是","是","否","是","是","是","是","是","是","是","是","是","否","是","是","是","是","是","是","周边商圈、成熟社区、写字楼、交通枢纽、教育等资源高度聚集，综合生活氛围浓厚","external_poi","2026/8/27 12:00:28"
"261","327937","147761","city_name_addr","70","永辉超市(五星街店)","四川","自贡市","自流井区","五星街街道五星街1-附100号梵华商业街负二楼","是","是","是","是","否","是","否","是","是","是","是","是","是","是","是","是","是","是","否","是","是","否","是","周边商圈、成熟社区、写字楼、交通枢纽、教育等资源高度聚集，综合生活氛围浓厚","external_poi","2026/8/27 12:00:28"
"262","327938","110112","coord_nn","85","永辉超市(潼南巴渝大道店)","重庆","重庆市","潼南区","桂林街道办事处向阳路141号13栋(巴渝大道与向阳路交汇处)","是","是","是","是","否","是","否","是","是","是","是","是","是","是","是","否","否","否","是","是","是","是","是","周边商圈、成熟社区、写字楼、教育、滨水景观等资源高度聚集，综合生活氛围浓厚","external_poi","2026/8/27 12:00:28"
"263","327939","103565","name_fuzzy","40","永辉超市(华山环宇城店)","山东","济南市","历城区","华山街道将军路1688号中海环宇城地下1层B-138号","否","是","是","是","否","是","否","是","是","是","是","是","是","是","是","是","否","是","是","是","是","是","是","周边商圈、成熟社区、写字楼、教育、旅游/景观等资源高度聚集，综合生活氛围浓厚","external_poi","2026/8/27 12:00:28"
"264","327940","117747","coord_nn","99","永辉超市(武侯金楠龙湖店)","四川","成都市","武侯区","益州大道1999号银泰城购物中心B1","否","是","是","是","是","是","否","是","是","是","是","是","是","是","是","否","否","是","是","是","是","是","是","周边商圈、成熟社区、写字楼、交通枢纽、教育等资源高度聚集，综合生活氛围浓厚","external_poi","2026/8/27 12:00:28"
"265","327941","19436","coord_nn","99","永辉超市(龙海美一城店)","福建","漳州市","龙海","福建省漳州市龙海区紫葳路44号美一城广场B1层","是","是","是","是","否","是","否","是","是","是","是","是","是","是","是","是","否","否","否","是","是","是","是","周边商圈、成熟社区、写字楼、教育、滨水景观等资源高度聚集，综合生活氛围浓厚","external_poi","2026/8/27 12:00:29"
"266","327942","152209","coord_nn","99","永辉超市(余杭万达店)","浙江","杭州市","余杭区","文一西路1888号杭州余杭万达广场停车场B1","是","是","是","是","是","是","否","是","是","是","是","是","是","是","是","否","是","否","是","是","是","是","是","周边商圈、成熟社区、写字楼、交通枢纽、教育等资源高度聚集，综合生活氛围浓厚","external_poi","2026/8/27 12:00:29"
"267","327943","73108","coord_nn","87","永辉超市(定州万达店)","河北","保定市","定州市","迎宾大道与北门街交叉口128号","是","是","是","是","否","是","否","是","是","是","是","是","是","是","否","否","否","是","是","是","是","是","是","周边商圈、成熟社区、写字楼、教育、旅游/景观等资源高度聚集，综合生活氛围浓厚","external_poi","2026/8/27 12:00:29"
"268","327944","107991","name_fuzzy","40","永辉超市(汪河路店)","辽宁","沈阳市","于洪区","汪河路99号碧桂园银河城商业广场F2","是","是","是","否","是","否","否","是","是","是","是","是","是","是","是","否","否","是","是","否","是","是","是","周边商圈、成熟社区、交通枢纽、旅游/景观、滨水景观等资源高度聚集，综合生活氛围浓厚","external_poi","2026/8/27 12:00:29"
"269","327945","","","","永辉超市(延安万达广场店)","陕西","西安市","未央区","唐延路49号万达广场(西安高新店)B1","是","是","是","是","是","是","否","是","是","是","是","是","是","是","是","否","否","是","否","是","是","是","是","周边商圈、成熟社区、写字楼、交通枢纽、教育等资源高度聚集，综合生活氛围浓厚","external_poi","2026/8/27 12:00:29"
"270","327946","23331","coord_nn","84","永辉超市(英伦城邦店)","四川","南充市","顺庆区","白土坝路288号英伦城邦负1层","是","是","是","是","否","是","否","是","是","是","是","是","是","是","是","是","是","是","是","是","是","是","是","周边商圈、成熟社区、写字楼、交通枢纽、教育等资源高度聚集，综合生活氛围浓厚","external_poi","2026/8/27 12:00:29"
"271","327947","178879","coord_nn","99","永辉超市(朝阳百子湾路店)","北京","北京市","朝阳区","南磨房地区百子湾路15号(近大成国际中心","成功","是","是","是","是","是","是","否","是","是","是","是","是","是","是","是","是","是","否","是","是","是","是","是","external_poi","2026/8/27 12:00:29"
"272","327948","54134","coord_nn","99","永辉超市(吾悦店)","湖北","襄阳市","樊城区","长虹北路77号襄阳吾悦广场F1","是","否","是","是","否","是","否","是","是","是","是","是","是","是","是","否","否","否","是","是","是","是","是","周边成熟社区、写字楼、教育、滨水景观、医院等资源高度聚集，综合生活氛围浓厚","external_poi","2026/8/27 12:00:29"
"273","327949","47702","coord_nn","99","永辉超市(宣化店)","河北","张家口市","宣化区","宣府大街99号","是","是","是","是","否","是","否","是","是","是","是","是","是","是","是","是","是","是","是","是","是","是","是","周边商圈、成熟社区、写字楼、交通枢纽、教育等资源高度聚集，综合生活氛围浓厚","external_poi","2026/8/27 12:00:29"
"274","327950","141710","coord_nn","81","永辉超市(沙坪坝融创茂店)","重庆","重庆市","沙坪坝区","中渝·春华秋实三期1号门东150米","否","是","是","是","是","是","否","是","是","是","是","是","是","是","是","是","否","是","是","是","是","是","是","周边商圈、成熟社区、写字楼、交通枢纽、教育等资源高度聚集，综合生活氛围浓厚","external_poi","2026/8/27 12:00:29"
"275","327951","107994","coord_nn","97","永辉超市(宝龙店)","江苏","盐城市","亭湖区","人民中路9号宝龙广场F2","是","是","是","是","否","是","否","是","是","是","是","是","是","是","是","是","是","是","否","是","是","是","是","周边商圈、成熟社区、写字楼、交通枢纽、教育等资源高度聚集，综合生活氛围浓厚","external_poi","2026/8/27 12:00:29"
"276","327952","53113","coord_nn","90","永辉超市(银鑫五洲广场店)","四川","德阳市","旌阳区","泰山南路二段735号碧乐城B1层","是","是","是","是","是","是","否","是","是","是","是","是","是","是","是","是","否","是","是","是","是","是","是","周边商圈、成熟社区、写字楼、交通枢纽、教育等资源高度聚集，综合生活氛围浓厚","external_poi","2026/8/27 12:00:29"
"277","327953","88113","city_name_relaxed","92","永辉超市(四会吾悦店)","广东","肇庆市","四会市","商业大道125号四会吾悦广场B1","是","是","是","是","否","是","否","是","是","是","是","是","是","是","是","否","是","否","是","是","是","是","是","周边商圈、成熟社区、写字楼、交通枢纽、教育等资源高度聚集，综合生活氛围浓厚","external_poi","2026/8/27 12:00:29"
"278","327954","","unmatched","0","永辉超市(巴南万达店)","重庆","重庆市","巴南区","腾龙大道27号三组团2楼","是","是","是","是","是","是","否","是","是","是","是","是","是","是","是","否","否","否","否","是","是","是","是","周边商圈、成熟社区、写字楼、交通枢纽、教育等资源高度聚集，综合生活氛围浓厚","external_poi","2026/8/27 12:00:29"
"279","327955","104138","coord_nn","99","永辉超市(呈贡吾悦店)","云南","昆明市","呈贡区","彩云中路299号昆明呈贡吾悦广场B1","是","是","是","是","是","是","否","是","是","是","是","是","是","是","是","否","否","是","否","是","是","是","是","周边商圈、成熟社区、写字楼、交通枢纽、教育等资源高度聚集，综合生活氛围浓厚","external_poi","2026/8/27 12:00:29"
"280","327956","","unmatched","0","永辉超市(青白江万达店)","四川","成都市","青白江区","青江南路万达广场室内步行街B1层A号","是","是","是","是","否","是","否","是","是","是","是","是","是","是","是","否","否","否","否","是","是","是","是","周边商圈、成熟社区、写字楼、教育、滨水景观等资源高度聚集，综合生活氛围浓厚","external_poi","2026/8/27 12:00:29"
"281","327957","90542","city_name_relaxed","92","永辉超市(昆区吾悦店)","内蒙古","包头市","昆都仑区","稀土大街吾悦广场","是","是","是","是","否","是","否","是","是","否","是","是","是","是","是","是","是","否","是","是","否","是","是","周边商圈、成熟社区、写字楼、交通枢纽、教育等资源高度聚集，综合生活氛围浓厚","external_poi","2026/8/27 12:00:30"
"282","327958","205544","coord_nn","99","永辉超市(武侯区王府井店)","四川","成都市","武侯区","益州大道1999号银泰城购物中心B1","否","是","是","是","是","是","否","是","是","是","是","是","是","是","是","否","否","是","是","是","是","是","是","周边商圈、成熟社区、写字楼、交通枢纽、教育等资源高度聚集，综合生活氛围浓厚","external_poi","2026/8/27 12:00:30"
"283","327959","108112","coord_nn","92","永辉超市(慈溪杭州湾金源店)","浙江","宁波市","慈溪市","金源大道19号世纪金源购物中心F1","是","是","是","是","否","是","否","是","是","是","是","是","是","是","是","是","否","是","是","是","是","是","是","周边商圈、成熟社区、写字楼、教育、旅游/景观等资源高度聚集，综合生活氛围浓厚","external_poi","2026/8/27 12:00:30"
"284","327960","108723","coord_nn","99","永辉超市(梧桐国际店)","安徽","安庆市","桐城","经济开发区龙池路与南三路交口梧桐国际广场B1层","是","是","是","是","否","是","否","是","是","是","是","是","是","是","是","是","是","否","是","是","是","是","是","周边商圈、成熟社区、写字楼、交通枢纽、教育等资源高度聚集，综合生活氛围浓厚","external_poi","2026/8/27 12:00:30"
"285","327961","45249","coord_nn","96","永辉超市(简阳旭海时代广场店)","四川","资阳市","安岳县","雄州大道南段389号旭海时代广场B1","是","是","是","是","否","是","否","是","是","是","是","是","是","是","是","是","是","是","是","是","是","是","是","周边商圈、成熟社区、写字楼、交通枢纽、教育等资源高度聚集，综合生活氛围浓厚","external_poi","2026/8/27 12:00:30"
"286","327962","204421","coord_nn","51","永辉超市(泉港永嘉店)","福建","泉州市","泉港区","中兴街永嘉天地(泉港店)F1","是","是","是","是","否","是","否","是","是","是","是","是","是","是","是","是","是","是","是","是","是","是","是","周边商圈、成熟社区、写字楼、交通枢纽、教育等资源高度聚集，综合生活氛围浓厚","external_poi","2026/8/27 12:00:30"
"287","327963","30055","coord_nn","99","永辉超市(北碚吾悦店)","重庆","重庆市","北碚区","青龙路96号","是","是","是","是","是","是","否","是","是","是","是","是","是","是","是","是","否","否","是","是","是","是","是","周边商圈、成熟社区、写字楼、交通枢纽、教育等资源高度聚集，综合生活氛围浓厚","external_poi","2026/8/27 12:00:30"
"288","327964","168916","coord_nn","99","永辉超市(林州人民店)","河南","安阳市","林州","人民广场京新购物广场B1层","是","是","是","是","否","是","否","是","是","是","是","是","是","是","否","是","否","是","否","是","是","是","是","周边商圈、成熟社区、写字楼、教育、旅游/景观等资源高度聚集，综合生活氛围浓厚","external_poi","2026/8/27 12:00:30"
"289","327965","94285","coord_nn","99","永辉超市(成华龙潭寺店)","四川","成都市","成华区","成华大道龙潭路33号星悦广场B1","是","是","是","是","是","是","否","是","是","是","是","是","是","是","是","否","否","否","否","是","是","是","是","周边商圈、成熟社区、写字楼、交通枢纽、教育等资源高度聚集，综合生活氛围浓厚","external_poi","2026/8/27 12:00:30"
"290","327966","437","city_name_addr","70","永辉超市(营山店)","四川","南充市","营山县","朗池街道复兴路388号圣桦城购物中心1幢1层","是","是","是","是","否","是","否","是","是","是","是","是","是","是","是","是","是","是","是","是","是","是","是","周边商圈、成熟社区、写字楼、交通枢纽、教育等资源高度聚集，综合生活氛围浓厚","external_poi","2026/8/27 12:00:30"
"291","327967","56059","coord_nn","99","永辉超市(金桥六路店)","陕西","西安市","未央区","浐灞生态区浐灞大道1228号附721号浐灞自然界地上二次FZ-01","是","是","是","是","是","是","否","是","是","是","是","是","是","是","否","否","否","是","是","是","是","是","是","周边商圈、成熟社区、写字楼、交通枢纽、教育等资源高度聚集，综合生活氛围浓厚","external_poi","2026/8/27 12:00:30"
"292","327968","26320","coord_nn","85","永辉超市(新建吾悦店)","江西","南昌市","新建区","长堎大道与子实路交汇处吾悦广场B1","否","否","是","否","否","是","否","是","是","是","是","是","是","是","是","否","否","否","是","是","是","是","是","周边成熟社区、教育、滨水景观、酒店、餐饮等资源高度聚集，综合生活氛围浓厚","external_poi","2026/8/27 12:00:30"
"293","327969","12867","coord_nn","99","永辉超市(尚峰店)","河北","张家口市","桥西区","明德南街街道至善街1号尚峰广场B1","是","是","是","是","否","是","否","是","是","是","是","是","是","是","是","是","是","是","是","是","是","是","是","周边商圈、成熟社区、写字楼、交通枢纽、教育等资源高度聚集，综合生活氛围浓厚","external_poi","2026/8/27 12:00:30"
"294","327970","63757","coord_nn","89","永辉超市(岳池瑞鼎星都会店)","四川","广安市","岳池县","九龙街道翔凤大道瑞鼎星都会","是","是","是","是","否","是","否","是","是","是","是","是","是","是","是","是","是","是","是","是","是","是","是","周边商圈、成熟社区、写字楼、交通枢纽、教育等资源高度聚集，综合生活氛围浓厚","external_poi","2026/8/27 12:00:30"
"295","327971","8286","coord_nn","99","永辉超市(中信悦方店)","安徽","合肥市","包河区","庐州大道2868号悦方ID MALLB1层-B122","是","是","是","是","是","是","否","是","是","是","是","是","是","是","是","否","否","否","否","是","是","是","是","周边商圈、成熟社区、写字楼、交通枢纽、教育等资源高度聚集，综合生活氛围浓厚","external_poi","2026/8/27 12:00:30"
"296","327972","191332","coord_nn","98","永辉超市(茂业店)","河北","秦皇岛市","海港区","河北大街368号茂业天地负一楼北侧","是","是","是","是","否","是","否","是","是","是","是","是","是","是","是","是","否","是","是","是","是","是","是","周边商圈、成熟社区、写字楼、教育、旅游/景观等资源高度聚集，综合生活氛围浓厚","external_poi","2026/8/27 12:00:31"
"297","327973","","unmatched","0","永辉超市(民发世纪店)","湖北","襄阳市","襄州区","六两河街道金源路22号民发世纪广场2层","是","是","是","是","否","是","否","是","是","是","是","是","是","是","是","否","否","否","否","是","是","否","是","周边商圈、成熟社区、写字楼、教育、滨水景观等资源高度聚集，综合生活氛围浓厚","external_poi","2026/8/27 12:00:31"
"298","327974","823","coord_nn","93","永辉超市(南岸腾龙大道店)","重庆","重庆市","南岸区","腾龙大道27号三组团2楼","是","是","是","是","是","是","否","是","是","是","是","是","是","是","是","否","否","否","否","是","是","是","是","周边商圈、成熟社区、写字楼、交通枢纽、教育等资源高度聚集，综合生活氛围浓厚","external_poi","2026/8/27 12:00:31"
"299","327975","32339","coord_nn","99","永辉超市(金堂华地财富店)","四川","成都市","金堂","赵镇滨江路二段518号(六横道以东)金堂华地财富广场F2","是","是","是","是","否","否","否","是","是","是","是","是","是","是","是","否","是","是","是","否","是","是","是","周边商圈、成熟社区、写字楼、交通枢纽、旅游/景观等资源高度聚集，综合生活氛围浓厚","external_poi","2026/8/27 12:00:31"
"300","327976","","unmatched","0","永辉超市(大西洋银泰城店)","浙江","温州市","瓯海区","娄桥街道瓯海大道1299号大西洋银泰城1层1001号(近8号门)","是","是","是","是","是","是","是","是","是","是","是","是","是","是","是","否","否","否","是","是","是","是","是","商圈 + 成熟社区 + 地铁 + 学校 + 医疗","external_poi","2026/8/27 12:00:31"
"301","327977","189559","coord_nn","94","永辉超市(馨宜新天地店)","福建","莆田市","荔城区","西洪路与东圳东路交汇处馨宜·新天地B1","是","是","是","是","否","是","是","是","是","是","是","是","是","是","否","否","否","是","是","是","弱","是","否","商圈 + 成熟社区 + 学校 + 医疗 + 写字楼","external_poi","2026/8/27 12:00:31"
"302","327978","212055","coord_nn","99","永辉超市(通州世界村店)","北京","北京市","通州区","辛房路环景路18号院4号楼-1层-106室","是","是","是","是","否","是","是","是","是","是","是","是","是","是","是","是","否","否","是","是","是","是","是","商圈 + 成熟社区 + 学校 + 医疗 + 写字楼","external_poi","2026/8/27 12:00:31"
"303","327979","175836","coord_nn","83","永辉超市(南岸茶园金科店)","重庆","重庆市","南岸区","青龙路96号","是","是","是","是","是","是","是","是","是","是","是","是","是","是","是","是","否","是","是","是","是","是","是","商圈 + 成熟社区 + 地铁 + 学校 + 医疗","external_poi","2026/8/27 12:00:31"
"304","327980","63747","coord_nn","90","永辉超市(江宁宝龙店)","江苏","南京市","江宁区","开城路江宁宝龙广场","否","是","是","是","是","是","是","是","是","是","是","是","是","是","是","是","否","是","是","是","是","是","是","商圈 + 成熟社区 + 地铁 + 学校 + 写字楼","external_poi","2026/8/27 12:00:31"
"305","327981","105101","coord_nn","95","永辉超市(仙居吾悦店)","浙江","台州市","仙居县","南峰街道黄坦树社区环城南路与泰和南路交汇处吾悦广场(泰和中路)B1","是","是","是","是","否","是","是","是","是","是","是","是","是","是","是","否","否","是","是","是","是","是","是","商圈 + 成熟社区 + 学校 + 医疗 + 写字楼","external_poi","2026/8/27 12:00:31"
"306","327982","220453","coord_nn","94","永辉超市(通州半壁店)","北京","北京市","通州区","八宝山街道鲁谷大街中润加油站旁","是","是","是","是","是","是","是","是","是","是","是","是","是","是","是","是","是","是","是","是","是","是","是","商圈 + 成熟社区 + 地铁 + 学校 + 医疗","external_poi","2026/8/27 12:00:31"
"307","327983","58882","coord_nn","99","永辉超市(延平体育公园店)","福建","南平市","延平区","文体路8号(体育公园)","是","是","是","是","否","是","是","是","是","是","是","是","是","是","是","是","是","是","是","是","是","是","是","商圈 + 成熟社区 + 学校 + 医疗 + 写字楼","external_poi","2026/8/27 12:00:31"
"308","327984","193376","coord_nn","68","永辉超市(郫都双铁店)","四川","成都市","郫都区","益州大道1999号银泰城购物中心B1","是","是","是","是","是","是","是","是","是","是","是","是","是","是","是","是","否","是","是","是","是","是","是","商圈 + 成熟社区 + 地铁 + 学校 + 医疗","external_poi","2026/8/27 12:00:31"
"309","327985","59430","coord_nn","78","永辉超市(万泰汇购物中心店)","广东","揭阳市","普宁","普宁广场西路万泰汇公园负一楼","是","是","是","是","否","是","是","是","是","是","是","是","是","是","是","是","否","是","是","是","是","是","是","商圈 + 成熟社区 + 学校 + 医疗 + 写字楼","external_poi","2026/8/27 12:00:31"
"310","327986","87607","coord_nn","85","永辉超市(海宁银泰城店)","浙江","嘉兴市","海宁市","海昌南路365号银泰城(海宁店)B1","是","是","是","是","是","是","是","是","是","是","是","是","是","是","是","是","否","是","是","是","是","是","是","商圈 + 成熟社区 + 地铁 + 学校 + 医疗","external_poi","2026/8/27 12:00:32"
"311","327987","158365","city_name_addr","70","永辉超市(万达店)","安徽","宿州市","埇桥区","拂晓大道万达广场负1楼","是","是","是","是","否","是","是","是","是","是","是","是","是","是","是","是","否","是","是","是","是","是","是","商圈 + 成熟社区 + 学校 + 医疗 + 写字楼","external_poi","2026/8/27 12:00:32"
"312","327988","191030","coord_nn","96","永辉超市(万达茂店)","江苏","南京市","栖霞区","东山街道竹山路68号万达广场A座负1层C1-B1-A号","是","是","是","是","是","是","是","是","是","是","是","是","是","是","是","是","否","是","是","是","是","是","是","商圈 + 成熟社区 + 地铁 + 学校 + 医疗","external_poi","2026/8/27 12:00:32"
"313","327989","137696","coord_nn","87","永辉超市(未来石万达店)","河北","保定市","莲池区","东金庄乡七一东路1999号未来石万达广场负一层","是","是","是","是","否","是","是","是","是","是","是","是","是","是","是","是","否","是","是","是","是","是","是","商圈 + 成熟社区 + 学校 + 医疗 + 写字楼","external_poi","2026/8/27 12:00:32"
"314","327990","50419","coord_nn","99","永辉超市(颍州万达店)","安徽","阜阳市","颍州区","淮河路2236号阜阳颍州吾悦广场B1","是","是","是","是","否","是","是","是","是","是","是","是","是","是","是","是","否","是","是","是","是","是","是","商圈 + 成熟社区 + 学校 + 医疗 + 写字楼","external_poi","2026/8/27 12:00:32"
"315","327991","154515","coord_nn","92","永辉超市(世纪金源店)","云南","昆明市","官渡区","金源大道1号世纪金源购物中心C馆B1层","是","是","是","是","是","是","是","是","是","是","是","是","是","是","是","是","否","是","是","是","是","是","是","商圈 + 成熟社区 + 地铁 + 学校 + 医疗","external_poi","2026/8/27 12:00:32"
"316","327992","189892","coord_nn","99","永辉超市(滨湖银泰城店)","安徽","合肥市","包河区","站西路宝文国际花园","是","是","是","是","是","是","是","是","是","是","是","是","是","是","是","否","是","是","是","是","是","是","是","商圈 + 成熟社区 + 地铁 + 学校 + 医疗","external_poi","2026/8/27 12:00:32"
"317","327993","56635","coord_nn","80","永辉超市(吾悦店)","广西","桂林市","临桂区","临桂大道9号桂林吾悦广场B1","是","是","是","是","否","是","是","是","是","是","是","是","是","是","是","是","否","是","是","是","是","是","是","商圈 + 成熟社区 + 学校 + 医疗 + 写字楼","external_poi","2026/8/27 12:00:32"
"318","327994","","unmatched","0","永辉超市(中骏世界城店)","福建","泉州市","丰泽区","城东街道通源社区安吉南路69号中骏世界城负1层","是","是","是","是","否","是","是","是","是","是","是","是","是","是","是","是","否","是","是","是","是","是","是","商圈 + 成熟社区 + 学校 + 医疗 + 写字楼","external_poi","2026/8/27 12:00:32"
"319","327995","218448","coord_nn","95","永辉超市(吾悦店)","陕西","延安市","宝塔区","子长路与轩辕大道交汇处吾悦广场负一层","是","是","是","是","否","是","是","是","是","是","是","是","是","是","是","是","否","是","是","是","是","是","是","商圈 + 成熟社区 + 学校 + 医疗 + 写字楼","external_poi","2026/8/27 12:00:32"
"320","327996","36248","coord_nn","88","永辉超市(中南城店)","江苏","盐城市","盐都区","解放南路278号盐城大有境B1","是","是","是","是","否","是","是","是","是","是","是","是","是","是","是","是","否","是","是","是","是","是","是","商圈 + 成熟社区 + 学校 + 医疗 + 写字楼","external_poi","2026/8/27 12:00:32"
"321","327997","111537","coord_nn","96","永辉超市(嵊州吾悦店)","浙江","绍兴市","嵊州市","三江街道兴盛街666号B1001-1号","是","是","是","是","否","是","是","是","是","是","是","是","是","是","是","是","否","是","是","是","是","是","是","商圈 + 成熟社区 + 学校 + 医疗 + 写字楼","external_poi","2026/8/27 12:00:32"
"322","327998","","","","永辉超市(城关万达店)","甘肃","兰州市","城关区","天水北路兰州城关万达广场","是","是","是","是","是","是","是","是","是","是","是","是","是","是","是","是","否","是","是","是","是","是","是","商圈 + 成熟社区 + 地铁 + 学校 + 医疗","external_poi","2026/8/27 12:00:32"
"323","327999","","","","永辉超市(天河正佳广场店)","广东","广州市","天河区","天河路228号负一层","是","是","是","是","是","是","是","是","是","是","是","是","是","是","是","是","是","是","是","是","是","是","是","商圈 + 成熟社区 + 地铁 + 学校 + 医疗","external_poi","2026/8/27 12:00:32"
"324","328000","98832","coord_nn","99","永辉超市(宝龙店)","江苏","镇江市","丹徒区","谷阳中大道75号镇江宝龙广场F2","是","是","是","是","否","是","是","是","是","是","是","是","是","是","是","否","否","是","是","是","是","是","是","商圈 + 成熟社区 + 学校 + 医疗 + 写字楼","external_poi","2026/8/27 12:00:32"
"325","328001","157365","coord_nn","62","永辉超市(庐江中心城店)","安徽","合肥市","庐江县","马鞍山路130号万达广场(包河店)B1","是","是","是","是","是","是","是","是","是","是","是","是","是","是","是","是","否","是","是","是","是","是","是","商圈 + 成熟社区 + 地铁 + 学校 + 医疗","external_poi","2026/8/27 12:00:33"
"326","328002","134170","coord_nn","66","永辉超市(朝阳长楹天街店)","北京","北京市","朝阳区","八宝山街道鲁谷大街中润加油站旁","是","是","是","是","是","是","是","是","是","是","是","是","是","是","是","是","是","是","是","是","是","是","是","商圈 + 成熟社区 + 地铁 + 学校 + 医疗","external_poi","2026/8/27 12:00:33"
"327","328003","83890","coord_nn","99","永辉超市(广州天河正佳广场店)","广东","广州市","天河区","天河路228号负一层","是","是","是","是","是","是","是","是","是","是","是","是","是","是","是","是","是","是","是","是","是","是","是","商圈 + 成熟社区 + 地铁 + 学校 + 医疗","external_poi","2026/8/27 12:00:33"
"328","328004","53586","coord_nn","99","永辉超市(兰州城关万达店)","甘肃","兰州市","城关区","天水北路兰州城关万达广场","是","是","是","是","是","是","是","是","是","是","是","是","是","是","是","是","否","是","是","是","是","是","是","商圈 + 成熟社区 + 地铁 + 学校 + 医疗","external_poi","2026/8/27 12:00:33"
"329","328005","","","","永辉超市(广州天河合生汇)","广东","广州市","天河区","中山三路33号中华广场F3","是","是","是","是","是","是","是","是","是","是","是","是","是","是","是","是","否","是","是","是","是","是","是","商圈 + 成熟社区 + 地铁 + 学校 + 医疗","external_poi","2026/8/27 12:00:33"
"330","328006","120321","city_name_relaxed","92","永辉超市(柳州万达)","广西","柳州市","柳南区","东环大道柳州城中万达广场","是","是","是","是","否","是","是","是","是","是","是","是","是","是","是","是","否","是","是","是","是","是","是","商圈 + 成熟社区 + 学校 + 医疗 + 写字楼","external_poi","2026/8/27 12:00:33"
